t,t0,treatment_period,yit,country,x_temp
16436,0,0,1134990,austria,37.175
16436,0,0,2082788,belgium,38.385
16436,0,0,2127956,bulgaria,30.243
16436,0,0,3142327,czech_republic,35.936
16436,0,0,1492947,denmark,37.307
16436,0,0,678169,estonia,30.426
16436,0,0,1727833,finland,29.694
16436,0,0,4197767,france,39.54
16436,0,0,16474493.5,germany,37.192
16436,0,0,2133819,greece,48.336
16436,0,0,799330.25,hungary,35.747
16436,0,0,90464,latvia,NA
16436,0,0,113509,lithuania,29.752
16436,0,0,33273.5,luxembourg,35.06
16436,0,0,3073700,netherlands,39.183
16436,0,0,210231,norway,30.533
16436,0,0,9624941,poland,34.165
16436,0,0,1514123,portugal,51.044
16436,0,0,2008244,romania,31.508
16436,0,0,222079,slovakia,36.227
16436,0,0,318625,slovenia,35.042
16436,0,0,7522447,spain,41.387
16467,0,0,1296311,austria,36.297
16467,0,0,2027421,belgium,37.767
16467,0,0,1745321,bulgaria,31.557
16467,0,0,3247403,czech_republic,33.966
16467,0,0,1449717,denmark,35.171
16467,0,0,680273,estonia,32.443
16467,0,0,1553325,finland,32.24
16467,0,0,4655440,france,38.599
16467,0,0,18086818.25,germany,35.087
16467,0,0,1511404,greece,48.159
16467,0,0,763183.75,hungary,36.763
16467,0,0,70400,latvia,NA
16467,0,0,116505,lithuania,30.932
16467,0,0,30040,luxembourg,33.832
16467,0,0,3477831,netherlands,38.237
16467,0,0,212924,norway,31.916
16467,0,0,9551589,poland,34.33
16467,0,0,1235406,portugal,51.792
16467,0,0,1829980,romania,36.077
16467,0,0,281345,slovakia,35.778
16467,0,0,287421,slovenia,33.907
16467,0,0,5412901,spain,43.46
16495,0,0,1188259,austria,43.686
16495,0,0,1720064,belgium,43.244
16495,0,0,1600319,bulgaria,37.29
16495,0,0,3413288,czech_republic,41.734
16495,0,0,1087632,denmark,40.298
16495,0,0,508431,estonia,36.433
16495,0,0,1428836,finland,35.027
16495,0,0,3639258,france,45.807
16495,0,0,18297627.25,germany,42.495
16495,0,0,1627848,greece,51.757
16495,0,0,731172.25,hungary,44.185
16495,0,0,73540,latvia,NA
16495,0,0,126658,lithuania,38.939
16495,0,0,30319.25,luxembourg,42.19
16495,0,0,3164398.25,netherlands,42.925
16495,0,0,227982,norway,37.146
16495,0,0,9935996,poland,41.334
16495,0,0,1330894,portugal,57.31
16495,0,0,1811859,romania,43.911
16495,0,0,291498,slovakia,43.595
16495,0,0,313248,slovenia,42.964
16495,0,0,5445184,spain,50.965
16526,0,0,785489.75,austria,51.201
16526,0,0,1623703,belgium,48.562
16526,0,0,1704825,bulgaria,45.428
16526,0,0,3031006,czech_republic,47.117
16526,0,0,1029368,denmark,44.777
16526,0,0,480411,estonia,40.7
16526,0,0,1093908,finland,39.482
16526,0,0,1727727,france,52.411
16526,0,0,15101003.75,germany,47.544
16526,0,0,1277021,greece,58.301
16526,0,0,476887.75,hungary,51.086
16526,0,0,42880,latvia,NA
16526,0,0,120929,lithuania,43.432
16526,0,0,26676,luxembourg,49.072
16526,0,0,2914749.25,netherlands,47.499
16526,0,0,210182,norway,43.313
16526,0,0,8787366,poland,46.057
16526,0,0,1389632,portugal,60.949
16526,0,0,1497105,romania,52.592
16526,0,0,248402,slovakia,51.228
16526,0,0,310374,slovenia,49.601
16526,0,0,5556862,spain,57.313
16556,0,0,282972.25,austria,59.076
16556,0,0,1362901,belgium,54.257
16556,0,0,1241076,bulgaria,58.665
16556,0,0,2336328,czech_republic,55.298
16556,0,0,745505,denmark,49.671
16556,0,0,559473,estonia,48.13
16556,0,0,821785,finland,47.115
16556,0,0,808852,france,56.459
16556,0,0,12130637,germany,54.381
16556,0,0,1426883,greece,68.286
16556,0,0,561317.75,hungary,60.435
16556,0,0,31551,latvia,NA
16556,0,0,197888,lithuania,50.97
16556,0,0,24446.75,luxembourg,54.075
16556,0,0,2613937,netherlands,53.23
16556,0,0,212251,norway,46.623
16556,0,0,8720615,poland,54.137
16556,0,0,1419830,portugal,67.583
16556,0,0,1269606,romania,65.215
16556,0,0,219964,slovakia,59.023
16556,0,0,209271,slovenia,59.422
16556,0,0,5524990,spain,66.411
16587,0,0,199751,austria,67.052
16587,0,0,1261258,belgium,60.035
16587,0,0,1346119,bulgaria,60.352
16587,0,0,2431658,czech_republic,61.946
16587,0,0,698108,denmark,55.561
16587,0,0,364846,estonia,55.251
16587,0,0,428650,finland,54.5
16587,0,0,770961,france,64.178
16587,0,0,14504747.5,germany,61.19
16587,0,0,1646623,greece,73.353
16587,0,0,503549,hungary,67.582
16587,0,0,71839,latvia,NA
16587,0,0,195899,lithuania,58.272
16587,0,0,20733.75,luxembourg,61.322
16587,0,0,3043036.75,netherlands,58.692
16587,0,0,204909,norway,56.156
16587,0,0,9037583,poland,61.495
16587,0,0,1920776,portugal,71.606
16587,0,0,1404521,romania,69.667
16587,0,0,158646,slovakia,66.877
16587,0,0,276922,slovenia,65.591
16587,0,0,7935659,spain,74.622
16617,0,0,287816.5,austria,74.436
16617,0,0,1489383,belgium,65.094
16617,0,0,1618676,bulgaria,68.826
16617,0,0,2594554,czech_republic,70.022
16617,0,0,441817,denmark,61.002
16617,0,0,393437,estonia,60.141
16617,0,0,349457,finland,59.65
16617,0,0,1213177,france,69.137
16617,0,0,15721810,germany,67.311
16617,0,0,2465018,greece,80.972
16617,0,0,714771.25,hungary,73.871
16617,0,0,125978,latvia,NA
16617,0,0,156043,lithuania,62.2
16617,0,0,18709.5,luxembourg,68.035
16617,0,0,3841484.5,netherlands,64.065
16617,0,0,205854,norway,59.802
16617,0,0,9286090,poland,65.794
16617,0,0,2007068,portugal,72.862
16617,0,0,2257352,romania,76.461
16617,0,0,201541,slovakia,74.242
16617,0,0,404975,slovenia,72.732
16617,0,0,9747545,spain,84.156
16648,0,0,305058,austria,74.23
16648,0,0,1642683,belgium,66.374
16648,0,0,1858745,bulgaria,68.123
16648,0,0,2579088,czech_republic,72.587
16648,0,0,560192,denmark,64.003
16648,0,0,495777,estonia,61.49
16648,0,0,427841,finland,61.5
16648,0,0,842532,france,68.652
16648,0,0,16692021.25,germany,71.671
16648,0,0,2407022,greece,82.055
16648,0,0,834098,hungary,74.258
16648,0,0,240865,latvia,NA
16648,0,0,184955,lithuania,66.074
16648,0,0,18342,luxembourg,67.378
16648,0,0,3512345.75,netherlands,65.125
16648,0,0,214880,norway,60.039
16648,0,0,9580052,poland,70.69
16648,0,0,1846756,portugal,72.708
16648,0,0,2261581,romania,75.353
16648,0,0,212114,slovakia,74.237
16648,0,0,262051,slovenia,70.179
16648,0,0,8134844,spain,77.386
16679,0,0,448466.25,austria,61.371
16679,0,0,2132538,belgium,56.094
16679,0,0,1909481,bulgaria,62.624
16679,0,0,2498031,czech_republic,57.918
16679,0,0,559534,denmark,56.788
16679,0,0,612491,estonia,55.677
16679,0,0,776612,finland,55.402
16679,0,0,1741498,france,57.352
16679,0,0,18680857.75,germany,57.788
16679,0,0,2053206,greece,76.411
16679,0,0,760957,hungary,63.561
16679,0,0,164130,latvia,NA
16679,0,0,183476,lithuania,55.962
16679,0,0,19538.5,luxembourg,54.985
16679,0,0,4051771.5,netherlands,56.345
16679,0,0,201895,norway,53.547
16679,0,0,9599379,poland,58.528
16679,0,0,1925492,portugal,68.77
16679,0,0,2104070,romania,67.981
16679,0,0,219016,slovakia,61.638
16679,0,0,311830,slovenia,59.317
16679,0,0,7338986,spain,67.674
16709,0,0,742502.75,austria,49.939
16709,0,0,2015107,belgium,50.295
16709,0,0,1836034,bulgaria,48.571
16709,0,0,3091469,czech_republic,47.551
16709,0,0,813537,denmark,49.518
16709,0,0,559801,estonia,43.387
16709,0,0,1153438,finland,43.034
16709,0,0,3073650,france,51.865
16709,0,0,20973503.5,germany,47.45
16709,0,0,1878617,greece,65.675
16709,0,0,731020.5,hungary,50.209
16709,0,0,250950,latvia,NA
16709,0,0,169054,lithuania,41.192
16709,0,0,29346.25,luxembourg,48.115
16709,0,0,4499194.5,netherlands,50.444
16709,0,0,193040,norway,44.327
16709,0,0,9922710,poland,44.96
16709,0,0,1854893,portugal,65.36
16709,0,0,2142246,romania,52.42
16709,0,0,235121,slovakia,49.957
16709,0,0,286640,slovenia,50.142
16709,0,0,6847528,spain,59.458
16740,0,0,934631.25,austria,47.403
16740,0,0,2192636,belgium,49.872
16740,0,0,1350523,bulgaria,44.3
16740,0,0,3234551,czech_republic,44.764
16740,0,0,1109086,denmark,45.096
16740,0,0,565598,estonia,40.926
16740,0,0,1226579,finland,41.053
16740,0,0,3845725,france,51.132
16740,0,0,17857989.75,germany,45.689
16740,0,0,2059355,greece,60.426
16740,0,0,976364,hungary,44.832
16740,0,0,327611,latvia,NA
16740,0,0,108697,lithuania,38.914
16740,0,0,31334.75,luxembourg,45.695
16740,0,0,4269758.25,netherlands,50.107
16740,0,0,199510,norway,37.126
16740,0,0,9692310,poland,41.655
16740,0,0,1756087,portugal,60.416
16740,0,0,2445259,romania,47.638
16740,0,0,251964,slovakia,46.141
16740,0,0,337640,slovenia,43.78
16740,0,0,7588906,spain,52.956
16770,0,0,918105.25,austria,38.928
16770,0,0,1945048,belgium,49.274
16770,0,0,2211452,bulgaria,34.6
16770,0,0,3383955,czech_republic,41.683
16770,0,0,1118722,denmark,43.408
16770,0,0,548502,estonia,37.689
16770,0,0,1342162,finland,37.006
16770,0,0,3522980,france,48.591
16770,0,0,17164650.25,germany,44.274
16770,0,0,2729766,greece,50.283
16770,0,0,932826.5,hungary,37.167
16770,0,0,242484,latvia,NA
16770,0,0,142658,lithuania,34.265
16770,0,0,32185,luxembourg,44.595
16770,0,0,4639291.5,netherlands,49.215
16770,0,0,241333,norway,34.9
16770,0,0,9926448,poland,40.014
16770,0,0,1716281,portugal,56.317
16770,0,0,2531340,romania,39.402
16770,0,0,290114,slovakia,37.787
16770,0,0,370920,slovenia,36.475
16770,0,0,8075660,spain,47.572
16801,0,0,1273011.5,austria,33.263
16801,0,0,1840958,belgium,40.819
16801,0,0,2146159,bulgaria,27.241
16801,0,0,3573905,czech_republic,31.408
16801,0,0,1548632,denmark,31.955
16801,0,0,784508,estonia,18.275
16801,0,0,1890592,finland,15.477
16801,0,0,4001918,france,41.694
16801,0,0,19513227,germany,31.132
16801,0,0,2403127,greece,49.542
16801,0,0,970294,hungary,30.217
16801,0,0,366678,latvia,NA
16801,0,0,120839,lithuania,17.778
16801,0,0,33101,luxembourg,36.381
16801,0,0,5190448.75,netherlands,40.276
16801,0,0,235172,norway,19.27
16801,0,0,10263131,poland,25.748
16801,0,0,1348071,portugal,55.977
16801,0,0,2686172,romania,26.507
16801,0,0,272201,slovakia,32.128
16801,0,0,367269,slovenia,32.482
16801,0,0,5454675,spain,46.143
16832,0,0,1062655.75,austria,43.428
16832,0,0,1477989,belgium,40.329
16832,0,0,1466670,bulgaria,42.044
16832,0,0,3163985,czech_republic,39.199
16832,0,0,1222059,denmark,36.39
16832,0,0,524157,estonia,32.404
16832,0,0,1321572,finland,31.459
16832,0,0,3084094,france,42.268
16832,0,0,16263856.75,germany,38.937
16832,0,0,1702640,greece,55.494
16832,0,0,788020.25,hungary,42.558
16832,0,0,57894,latvia,NA
16832,0,0,50488,lithuania,33.571
16832,0,0,31684.75,luxembourg,38.496
16832,0,0,4783553.75,netherlands,40.314
16832,0,0,187192,norway,29.437
16832,0,0,8897471,poland,38.202
16832,0,0,1016180,portugal,54.396
16832,0,0,1732682,romania,44.547
16832,0,0,264320,slovakia,42.996
16832,0,0,306705,slovenia,39.723
16832,0,0,4122747,spain,45.672
16861,0,0,903965,austria,43.739
16861,0,0,1668310,belgium,41.564
16861,0,0,1253409,bulgaria,40.998
16861,0,0,3405122,czech_republic,39.936
16861,0,0,1432258,denmark,38.733
16861,0,0,493226,estonia,32.598
16861,0,0,1322072,finland,32.204
16861,0,0,3820675,france,43.673
16861,0,0,18375134.25,germany,40.504
16861,0,0,1571080,greece,54.76
16861,0,0,713398.25,hungary,44.351
16861,0,0,114446,latvia,NA
16861,0,0,58981,lithuania,34.508
16861,0,0,32556,luxembourg,39.83
16861,0,0,5231374.5,netherlands,41.723
16861,0,0,239738,norway,36.409
16861,0,0,9839087,poland,39.196
16861,0,0,1173117,portugal,54.695
16861,0,0,1601949,romania,46.133
16861,0,0,286978,slovakia,43.731
16861,0,0,334986,slovenia,42.315
16861,0,0,4228943,spain,47.373
16892,0,0,591636,austria,51.015
16892,0,0,1248351,belgium,47.003
16892,0,0,1178980,bulgaria,53.586
16892,0,0,2674734,czech_republic,47.414
16892,0,0,1068712,denmark,43.816
16892,0,0,516008,estonia,40.562
16892,0,0,1009680,finland,39.519
16892,0,0,1985316,france,48.191
16892,0,0,15815383.5,germany,47.364
16892,0,0,1348035,greece,63.693
16892,0,0,460506.25,hungary,53.542
16892,0,0,73489,latvia,NA
16892,0,0,54326,lithuania,44.411
16892,0,0,27156.5,luxembourg,45.784
16892,0,0,4178070.5,netherlands,47.135
16892,0,0,217355,norway,41.375
16892,0,0,8645891,poland,48.464
16892,0,0,701297,portugal,58.324
16892,0,0,1197986,romania,57.344
16892,0,0,231236,slovakia,51.259
16892,0,0,248578,slovenia,51.346
16892,0,0,3213448,spain,52.47
16922,0,0,174903,austria,59.339
16922,0,0,1218126,belgium,57.092
16922,0,0,1119234,bulgaria,54.839
16922,0,0,2651078,czech_republic,58.359
16922,0,0,775107,denmark,55.512
16922,0,0,454873,estonia,53.282
16922,0,0,621246,finland,54.194
16922,0,0,1424185,france,56.821
16922,0,0,15121872.25,germany,60.452
16922,0,0,1513172,greece,67.061
16922,0,0,586404.25,hungary,60.691
16922,0,0,78957,latvia,NA
16922,0,0,77360,lithuania,57.13
16922,0,0,23765.5,luxembourg,55.508
16922,0,0,4420420,netherlands,58.25
16922,0,0,223600,norway,53.021
16922,0,0,8865160,poland,62.169
16922,0,0,949783,portugal,62.275
16922,0,0,1233817,romania,61.119
16922,0,0,221771,slovakia,59.99
16922,0,0,249557,slovenia,57.689
16922,0,0,3820745,spain,59.157
16953,0,0,138083.25,austria,67.208
16953,0,0,1175578,belgium,61.38
16953,0,0,1086906,bulgaria,66.015
16953,0,0,2625794,czech_republic,65.558
16953,0,0,671316,denmark,60.996
16953,0,0,487690,estonia,58.866
16953,0,0,478289,finland,57.829
16953,0,0,1448762,france,62.702
16953,0,0,15758061,germany,66.5
16953,0,0,2091622,greece,78.601
16953,0,0,714153.25,hungary,68.518
16953,0,0,144530,latvia,NA
16953,0,0,92695,lithuania,62.111
16953,0,0,21260.25,luxembourg,61.401
16953,0,0,4434103.25,netherlands,62.514
16953,0,0,190289,norway,60.604
16953,0,0,9117704,poland,66.99
16953,0,0,1882285,portugal,69.752
16953,0,0,1597675,romania,72.675
16953,0,0,227081,slovakia,67.743
16953,0,0,290594,slovenia,65.452
16953,0,0,5221749,spain,72.442
16983,0,0,130458,austria,70.963
16983,0,0,1268474,belgium,65.108
16983,0,0,1302772,bulgaria,68.801
16983,0,0,2530404,czech_republic,68.851
16983,0,0,733410,denmark,62.36
16983,0,0,637812,estonia,62.856
16983,0,0,350014,finland,62.486
16983,0,0,1813196,france,67.274
16983,0,0,15513180,germany,67.931
16983,0,0,2387188,greece,82
16983,0,0,809831.5,hungary,70.773
16983,0,0,99658,latvia,NA
16983,0,0,56102,lithuania,64.43
16983,0,0,19170,luxembourg,65.048
16983,0,0,3949165.25,netherlands,64.614
16983,0,0,210038,norway,61.788
16983,0,0,8972785,poland,68.053
16983,0,0,2174418,portugal,74.936
16983,0,0,1817886,romania,75.527
16983,0,0,212999,slovakia,71.456
16983,0,0,391748,slovenia,71.179
16983,0,0,6797086,spain,80.867
17014,0,0,103154.75,austria,67.623
17014,0,0,1419729,belgium,64.749
17014,0,0,1398657,bulgaria,66.566
17014,0,0,2682538,czech_republic,65.665
17014,0,0,783613,denmark,61.383
17014,0,0,765444,estonia,60.606
17014,0,0,489950,finland,59.806
17014,0,0,1926532,france,68.89
17014,0,0,16115188.25,germany,65.548
17014,0,0,1753716,greece,81.514
17014,0,0,837552.5,hungary,68.065
17014,0,0,56237,latvia,NA
17014,0,0,45624,lithuania,61.684
17014,0,0,18943.75,luxembourg,64.956
17014,0,0,4605884.5,netherlands,64.552
17014,0,0,227109,norway,59.06
17014,0,0,9289828,poland,66.121
17014,0,0,2197389,portugal,75.479
17014,0,0,1795652,romania,74.315
17014,0,0,236965,slovakia,67.846
17014,0,0,299571,slovenia,67.684
17014,0,0,6429672,spain,79.706
17045,0,0,466031.25,austria,65.334
17045,0,0,1528823,belgium,64.115
17045,0,0,1438184,bulgaria,61.019
17045,0,0,3013533,czech_republic,64.298
17045,0,0,742378,denmark,60.988
17045,0,0,711452,estonia,55.129
17045,0,0,634403,finland,54.122
17045,0,0,3481325,france,64.751
17045,0,0,17269918,germany,64.596
17045,0,0,1918645,greece,74.133
17045,0,0,806669.75,hungary,64.771
17045,0,0,60732,latvia,NA
17045,0,0,96305,lithuania,55.16
17045,0,0,16241.75,luxembourg,62.648
17045,0,0,5272812.75,netherlands,64.291
17045,0,0,155588,norway,57.888
17045,0,0,8978978,poland,62.239
17045,0,0,2118544,portugal,72.425
17045,0,0,1789095,romania,67.09
17045,0,0,219555,slovakia,65.866
17045,0,0,360178,slovenia,63.756
17045,0,0,7022048,spain,71.73
17075,0,0,955822.5,austria,49.474
17075,0,0,2269899,belgium,49.789
17075,0,0,2069657,bulgaria,50.66
17075,0,0,3610499,czech_republic,47.487
17075,0,0,1261061,denmark,47.854
17075,0,0,799731,estonia,40.99
17075,0,0,1412276,finland,40.872
17075,0,0,4405872,france,51.701
17075,0,0,19643536.25,germany,47.337
17075,0,0,2245210,greece,65.933
17075,0,0,850871.5,hungary,49.102
17075,0,0,257192,latvia,NA
17075,0,0,47734,lithuania,40.604
17075,0,0,25196.75,luxembourg,48.034
17075,0,0,6283719.75,netherlands,50.264
17075,0,0,208058,norway,42.077
17075,0,0,9999526,poland,45.393
17075,0,0,1955813,portugal,66.132
17075,0,0,2065301,romania,50.532
17075,0,0,243770,slovakia,49.424
17075,0,0,470381,slovenia,48.594
17075,0,0,8337042,spain,61.789
17106,0,0,1341433,austria,40.973
17106,0,0,2214409,belgium,43.014
17106,0,0,1935825,bulgaria,41.372
17106,0,0,3636711,czech_republic,38.28
17106,0,0,1500808,denmark,39.69
17106,0,0,814085,estonia,32.242
17106,0,0,1830577,finland,31.243
17106,0,0,5914898,france,44.901
17106,0,0,19441597,germany,39.143
17106,0,0,2217477,greece,57.831
17106,0,0,871243.5,hungary,40.88
17106,0,0,363545,latvia,NA
17106,0,0,166824,lithuania,32.372
17106,0,0,32157.5,luxembourg,40.879
17106,0,0,5942019,netherlands,41.996
17106,0,0,214950,norway,32.333
17106,0,0,10233583,poland,37.875
17106,0,0,2032864,portugal,58.072
17106,0,0,2181168,romania,42.157
17106,0,0,308779,slovakia,40.802
17106,0,0,378533,slovenia,42.573
17106,0,0,8613410,spain,48.467
17136,0,0,1565289.5,austria,34.203
17136,0,0,2241456,belgium,40.178
17136,0,0,2101738,bulgaria,29.422
17136,0,0,3607720,czech_republic,33.603
17136,0,0,1367209,denmark,39.686
17136,0,0,662336,estonia,33.103
17136,0,0,1570959,finland,31.208
17136,0,0,6312500,france,39.159
17136,0,0,18783921.25,germany,37.036
17136,0,0,2842172,greece,46.216
17136,0,0,927616.25,hungary,31.137
17136,0,0,224198,latvia,NA
17136,0,0,107463,lithuania,30.116
17136,0,0,33354.25,luxembourg,34.888
17136,0,0,5871563.5,netherlands,41.013
17136,0,0,219103,norway,32.731
17136,0,0,9935737,poland,33.753
17136,0,0,2143501,portugal,54.271
17136,0,0,2464028,romania,32.574
17136,0,0,332081,slovakia,33.225
17136,0,0,471445,slovenia,31.882
17136,0,0,8792688,spain,45.75
17167,0,0,2289064.75,austria,25.478
17167,0,0,2323000,belgium,33.904
17167,0,0,2297316,bulgaria,19.393
17167,0,0,4100404,czech_republic,23.246
17167,0,0,1060823,denmark,33.542
17167,0,0,859806,estonia,28.582
17167,0,0,1681867,finland,27.88
17167,0,0,7307918,france,35.055
17167,0,0,22397703.25,germany,30.056
17167,0,0,3311491,greece,43.863
17167,0,0,1149743.5,hungary,22.561
17167,0,0,278294,latvia,NA
17167,0,0,61235,lithuania,22.82
17167,0,0,35498,luxembourg,29.261
17167,0,0,6268154.25,netherlands,34.93
17167,0,0,224732,norway,28.492
17167,0,0,11499245,poland,25.661
17167,0,0,2335785,portugal,51.223
17167,0,0,2888523,romania,22.19
17167,0,0,379284,slovakia,24.574
17167,0,0,507744,slovenia,24.382
17167,0,0,9033772,spain,41.168
17198,0,0,1494383.25,austria,37.896
17198,0,0,1765287,belgium,42.618
17198,0,0,1827542,bulgaria,35.041
17198,0,0,3466101,czech_republic,36.062
17198,0,0,977230,denmark,35.083
17198,0,0,727990,estonia,27.612
17198,0,0,1543582,finland,27.029
17198,0,0,5357774,france,44.154
17198,0,0,17600700.75,germany,35.871
17198,0,0,2513175,greece,50.877
17198,0,0,772157.5,hungary,36.988
17198,0,0,243877,latvia,NA
17198,0,0,48347,lithuania,27.304
17198,0,0,29144.75,luxembourg,39.386
17198,0,0,5147309.25,netherlands,40.799
17198,0,0,208141,norway,28.317
17198,0,0,9755195,poland,30.474
17198,0,0,1715198,portugal,55.414
17198,0,0,2244213,romania,33.761
17198,0,0,293866,slovakia,37.388
17198,0,0,391726,slovenia,38.211
17198,0,0,5869225,spain,47.272
17226,0,0,949233.25,austria,48.213
17226,0,0,1648850,belgium,48.464
17226,0,0,1553079,bulgaria,45.169
17226,0,0,3335378,czech_republic,44.676
17226,0,0,1046993,denmark,40.402
17226,0,0,742762,estonia,33.403
17226,0,0,1424573,finland,32.911
17226,0,0,4413146,france,50.147
17226,0,0,17197825.25,germany,45.209
17226,0,0,1846181,greece,54.931
17226,0,0,723046.5,hungary,47.976
17226,0,0,60416,latvia,NA
17226,0,0,54326,lithuania,37.478
17226,0,0,25940.75,luxembourg,47.321
17226,0,0,4851711,netherlands,47.312
17226,0,0,220570,norway,36.261
17226,0,0,9407370,poland,42.442
17226,0,0,1764659,portugal,57.419
17226,0,0,1868627,romania,48.625
17226,0,0,266044,slovakia,48.182
17226,0,0,387025,slovenia,47.257
17226,0,0,4614527,spain,51.758
17257,0,0,561344.5,austria,49.595
17257,0,0,1745683,belgium,46.648
17257,0,0,1415513,bulgaria,48.014
17257,0,0,3257859,czech_republic,46.523
17257,0,0,702615,denmark,43.065
17257,0,0,648563,estonia,36.511
17257,0,0,1145366,finland,35.538
17257,0,0,2939775,france,49.456
17257,0,0,15750991,germany,46.44
17257,0,0,1736027,greece,58.897
17257,0,0,553722,hungary,50.373
17257,0,0,58922,latvia,NA
17257,0,0,48635,lithuania,40.246
17257,0,0,24944,luxembourg,46.381
17257,0,0,4467259.25,netherlands,46.823
17257,0,0,214943,norway,39.976
17257,0,0,8764223,poland,44.616
17257,0,0,1841365,portugal,64.252
17257,0,0,1568951,romania,51.464
17257,0,0,243346,slovakia,49.815
17257,0,0,313941,slovenia,50.288
17257,0,0,4585726,spain,58.206
17287,0,0,210720.25,austria,60.761
17287,0,0,1509286,belgium,58.805
17287,0,0,1619792,bulgaria,56.511
17287,0,0,2664908,czech_republic,57.804
17287,0,0,515834,denmark,53.508
17287,0,0,783285,estonia,47.143
17287,0,0,970933,finland,46.453
17287,0,0,2185242,france,60.025
17287,0,0,16491084.25,germany,58.517
17287,0,0,1887326,greece,68.18
17287,0,0,572882,hungary,61.517
17287,0,0,38385,latvia,NA
17287,0,0,82234,lithuania,53.199
17287,0,0,21910.5,luxembourg,58.792
17287,0,0,4553955.25,netherlands,58.246
17287,0,0,146842,norway,51.313
17287,0,0,9177123,poland,56.596
17287,0,0,2314060,portugal,66.75
17287,0,0,1675944,romania,61.9
17287,0,0,218770,slovakia,61.113
17287,0,0,294010,slovenia,58.903
17287,0,0,6437385,spain,66.064
17318,0,0,424485.75,austria,70.637
17318,0,0,1263566,belgium,65.168
17318,0,0,1177398,bulgaria,65.733
17318,0,0,2269506,czech_republic,65.487
17318,0,0,288575,denmark,59.196
17318,0,0,630519,estonia,54.789
17318,0,0,525952,finland,54.609
17318,0,0,1812004,france,67.163
17318,0,0,13804273.25,germany,64.452
17318,0,0,2256713,greece,76.394
17318,0,0,620416.25,hungary,70.065
17318,0,0,69815,latvia,NA
17318,0,0,37209,lithuania,58.107
17318,0,0,19185.5,luxembourg,65.431
17318,0,0,4325263.25,netherlands,63.737
17318,0,0,177767,norway,57.708
17318,0,0,8499736,poland,63.636
17318,0,0,2368432,portugal,72.395
17318,0,0,1522957,romania,71.958
17318,0,0,238391,slovakia,70.649
17318,0,0,224339,slovenia,67.6
17318,0,0,8078941,spain,77.748
17348,0,0,380814,austria,71.156
17348,0,0,1447380,belgium,64.543
17348,0,0,1465731,bulgaria,68.877
17348,0,0,2254595,czech_republic,67.25
17348,0,0,412252,denmark,60.02
17348,0,0,583686,estonia,59.468
17348,0,0,403320,finland,59.001
17348,0,0,2909670,france,68.115
17348,0,0,15537045.25,germany,65.659
17348,0,0,2682744,greece,82.16
17348,0,0,831182.25,hungary,70.79
17348,0,0,73040,latvia,NA
17348,0,0,28701,lithuania,60.939
17348,0,0,20597,luxembourg,65.642
17348,0,0,5093353.75,netherlands,63.626
17348,0,0,233185,norway,60.847
17348,0,0,9593753,poland,65.061
17348,0,0,2737638,portugal,72.445
17348,0,0,1948361,romania,73.753
17348,0,0,277826,slovakia,71.36
17348,0,0,364838,slovenia,69.667
17348,0,0,8781904,spain,78.668
17379,0,0,342919,austria,72.181
17379,0,0,1361759,belgium,64.089
17379,0,0,1518945,bulgaria,69.058
17379,0,0,2575987,czech_republic,66.957
17379,0,0,441375,denmark,61.288
17379,0,0,642747,estonia,60.915
17379,0,0,392871,finland,59.892
17379,0,0,1852625,france,66.227
17379,0,0,15079080.75,germany,65.605
17379,0,0,2690334,greece,82.67
17379,0,0,971814.75,hungary,72.449
17379,0,0,53527,latvia,NA
17379,0,0,43680,lithuania,62
17379,0,0,18246.5,luxembourg,63.928
17379,0,0,4231618.5,netherlands,62.935
17379,0,0,230823,norway,58.446
17379,0,0,9480429,poland,66.791
17379,0,0,2842765,portugal,73.407
17379,0,0,1914582,romania,75.533
17379,0,0,284693,slovakia,72.764
17379,0,0,359207,slovenia,70.594
17379,0,0,7528495,spain,78.757
17410,0,0,403876,austria,59.136
17410,0,0,1319319,belgium,57.113
17410,0,0,1620968,bulgaria,61.119
17410,0,0,2871930,czech_republic,55.337
17410,0,0,481873,denmark,56.196
17410,0,0,573066,estonia,53.788
17410,0,0,537279,finland,52.972
17410,0,0,2480115,france,58.611
17410,0,0,15536396.75,germany,57.113
17410,0,0,2123329,greece,74.46
17410,0,0,812614,hungary,59.966
17410,0,0,59969,latvia,NA
17410,0,0,52398,lithuania,55.554
17410,0,0,16343,luxembourg,54.963
17410,0,0,4129306.5,netherlands,57.323
17410,0,0,176995,norway,53.549
17410,0,0,8828878,poland,57.208
17410,0,0,2345228,portugal,69.795
17410,0,0,1630442,romania,67.172
17410,0,0,207892,slovakia,59.502
17410,0,0,248777,slovenia,55.313
17410,0,0,6921889,spain,69.406
17440,0,0,827343.25,austria,53.967
17440,0,0,1908749,belgium,55.769
17440,0,0,1805250,bulgaria,49.975
17440,0,0,3194161,czech_republic,51.973
17440,0,0,590007,denmark,51.54
17440,0,0,697501,estonia,42.416
17440,0,0,937199,finland,42.135
17440,0,0,4614366,france,56.292
17440,0,0,15081679.25,germany,53.113
17440,0,0,2327682,greece,64.547
17440,0,0,867100,hungary,52.449
17440,0,0,94191,latvia,NA
17440,0,0,51964,lithuania,43.716
17440,0,0,22748.5,luxembourg,52.079
17440,0,0,5010834,netherlands,56.199
17440,0,0,232578,norway,44.294
17440,0,0,9348849,poland,49.662
17440,0,0,2147548,portugal,69.58
17440,0,0,1938420,romania,54.265
17440,0,0,300492,slovakia,53.742
17440,0,0,304403,slovenia,51.625
17440,0,0,8918484,spain,64.879
17471,0,0,1227242.75,austria,42.632
17471,0,0,2112684,belgium,43.919
17471,0,0,1857675,bulgaria,40.715
17471,0,0,3446225,czech_republic,40.599
17471,0,0,805721,denmark,41.726
17471,0,0,697152,estonia,37.786
17471,0,0,1004673,finland,38.412
17471,0,0,5909851,france,45.313
17471,0,0,18103634,germany,42.374
17471,0,0,2653195,greece,56.978
17471,0,0,1206599.75,hungary,42.264
17471,0,0,101035,latvia,NA
17471,0,0,56919,lithuania,37.387
17471,0,0,31029.25,luxembourg,40.891
17471,0,0,5734459.5,netherlands,45.437
17471,0,0,219028,norway,34.262
17471,0,0,9941685,poland,40.681
17471,0,0,2260279,portugal,58.16
17471,0,0,2290158,romania,44.783
17471,0,0,304790,slovakia,42.426
17471,0,0,321307,slovenia,40.538
17471,0,0,10012564,spain,49.698
17501,0,0,1031474.25,austria,37.417
17501,0,0,1911557,belgium,39.982
17501,0,0,1727080,bulgaria,33.932
17501,0,0,3035901,czech_republic,35.66
17501,0,0,813635,denmark,38.62
17501,0,0,587575,estonia,34.43
17501,0,0,1270149,finland,34.311
17501,0,0,4980839,france,41.108
17501,0,0,14731374,germany,38.336
17501,0,0,2374586,greece,52.499
17501,0,0,963658.25,hungary,35.966
17501,0,0,82247,latvia,NA
17501,0,0,51636,lithuania,32.968
17501,0,0,32096.75,luxembourg,37.062
17501,0,0,5390412,netherlands,40.748
17501,0,0,217842,norway,27.637
17501,0,0,9356735,poland,36.182
17501,0,0,1924722,portugal,52.78
17501,0,0,2249075,romania,39.045
17501,0,0,278632,slovakia,36.833
17501,0,0,295919,slovenia,33.001
17501,0,0,8220442,spain,43.228
17532,0,0,1241515.5,austria,39.33
17532,0,0,1431813,belgium,42.574
17532,0,0,1819332,bulgaria,33.863
17532,0,0,3240413,czech_republic,37.658
17532,0,0,1020977,denmark,36.44
17532,0,0,744691,estonia,29.43
17532,0,0,1526655,finland,28.741
17532,0,0,2971085,france,45.167
17532,0,0,17819103.25,germany,38.256
17532,0,0,2557060,greece,49.778
17532,0,0,990950,hungary,37.3
17532,0,0,180091,latvia,NA
17532,0,0,42507,lithuania,27.149
17532,0,0,32719.5,luxembourg,40.007
17532,0,0,5217757,netherlands,41.968
17532,0,0,226711,norway,27.519
17532,0,0,9917174,poland,33.049
17532,0,0,2199128,portugal,52.99
17532,0,0,2536514,romania,34.406
17532,0,0,305761,slovakia,38.339
17532,0,0,345700,slovenia,37.9
17532,0,0,6889804,spain,43.368
17563,0,0,1297393.75,austria,30.46
17563,0,0,1720817,belgium,33.959
17563,0,0,1633711,bulgaria,36.132
17563,0,0,3164719,czech_republic,28.088
17563,0,0,1227394,denmark,29.82
17563,0,0,696261,estonia,19.931
17563,0,0,1624163,finland,17.905
17563,0,0,5143563,france,34.392
17563,0,0,21498509,germany,30.06
17563,0,0,2158691,greece,51.73
17563,0,0,867140.75,hungary,32.088
17563,0,0,299601,latvia,NA
17563,0,0,37152,lithuania,19.927
17563,0,0,29895.5,luxembourg,29.485
17563,0,0,5322465.5,netherlands,33.888
17563,0,0,201123,norway,22.999
17563,0,0,10023779,poland,25.82
17563,0,0,1823710,portugal,51.946
17563,0,0,2326701,romania,34.432
17563,0,0,286036,slovakia,30.382
17563,0,0,395681,slovenia,28.927
17563,0,0,6471221,spain,41.09
17591,0,0,1017145.25,austria,37.871
17591,0,0,1576676,belgium,41.882
17591,0,0,1461948,bulgaria,42.859
17591,0,0,3539025,czech_republic,34.904
17591,0,0,1379557,denmark,32.014
17591,0,0,861702,estonia,25.456
17591,0,0,1798315,finland,23.404
17591,0,0,4169858,france,44.296
17591,0,0,20418543.25,germany,35.061
17591,0,0,1403478,greece,56.902
17591,0,0,723959.25,hungary,38.137
17591,0,0,279689,latvia,NA
17591,0,0,43216,lithuania,27.11
17591,0,0,26474,luxembourg,38.737
17591,0,0,4891880.25,netherlands,40.437
17591,0,0,218063,norway,25.655
17591,0,0,10219608,poland,33.712
17591,0,0,811845,portugal,54.583
17591,0,0,2049934,romania,38.901
17591,0,0,289224,slovakia,37.645
17591,0,0,390428,slovenia,37.405
17591,0,0,4193479,spain,46.322
17622,0,0,321118,austria,59.671
17622,0,0,1108640,belgium,54.509
17622,0,0,946016,bulgaria,58.894
17622,0,0,2485905,czech_republic,55.749
17622,0,0,858094,denmark,48.165
17622,0,0,714460,estonia,40.488
17622,0,0,1047919,finland,39.3
17622,0,0,1179668,france,55.471
17622,0,0,14952615.25,germany,55.684
17622,0,0,1319407,greece,63.09
17622,0,0,526406.25,hungary,60.242
17622,0,0,71032,latvia,NA
17622,0,0,37139,lithuania,49.711
17622,0,0,23661,luxembourg,53.335
17622,0,0,3986216,netherlands,53.308
17622,0,0,219206,norway,41.513
17622,0,0,8394341,poland,55.551
17622,0,0,707505,portugal,58.202
17622,0,0,1057809,romania,60.716
17622,0,0,261843,slovakia,59.49
17622,0,0,282912,slovenia,55.843
17622,0,0,4149802,spain,53.996
17652,0,0,153661,austria,65.206
17652,0,0,1210881,belgium,60.698
17652,0,0,1240823,bulgaria,63.879
17652,0,0,2577895,czech_republic,62.042
17652,0,0,481547,denmark,58.79
17652,0,0,523996,estonia,55.632
17652,0,0,585275,finland,55.484
17652,0,0,935530,france,60.433
17652,0,0,14536173.75,germany,63.02
17652,0,0,1847217,greece,71.22
17652,0,0,589490.25,hungary,66.7
17652,0,0,46043,latvia,NA
17652,0,0,40178,lithuania,60.773
17652,0,0,21261.75,luxembourg,60.152
17652,0,0,3618474.5,netherlands,60.82
17652,0,0,214829,norway,58.723
17652,0,0,8883390,poland,63.828
17652,0,0,1641059,portugal,62.849
17652,0,0,1424020,romania,66.608
17652,0,0,237142,slovakia,65.222
17652,0,0,148816,slovenia,61.681
17652,0,0,5779610,spain,60.59
17683,0,0,229316.25,austria,69.558
17683,0,0,1414586,belgium,63.341
17683,0,0,1266828,bulgaria,66.876
17683,0,0,2407420,czech_republic,64.786
17683,0,0,342287,denmark,62.54
17683,0,0,487177,estonia,57.395
17683,0,0,492329,finland,57.498
17683,0,0,1074871,france,65.486
17683,0,0,15622583.25,germany,66.633
17683,0,0,2120463,greece,76.73
17683,0,0,530095.75,hungary,69.183
17683,0,0,96675,latvia,NA
17683,0,0,2943,lithuania,61.635
17683,0,0,18676.25,luxembourg,63.484
17683,0,0,3657596.5,netherlands,63.002
17683,0,0,203428,norway,61.916
17683,0,0,8839599,poland,66.108
17683,0,0,2018735,portugal,68.032
17683,0,0,1515830,romania,72.297
17683,0,0,226518,slovakia,68.997
17683,0,0,122694,slovenia,66.447
17683,0,0,5696413,spain,69.773
17713,0,0,239938.75,austria,72.61
17713,0,0,1712813,belgium,70.312
17713,0,0,1317673,bulgaria,69.363
17713,0,0,2877869,czech_republic,69.418
17713,0,0,555308,denmark,67.488
17713,0,0,591662,estonia,67.228
17713,0,0,735579,finland,68.208
17713,0,0,2397199,france,72.676
17713,0,0,19154040.5,germany,69.886
17713,0,0,2571324,greece,81.322
17713,0,0,853689.5,hungary,71.252
17713,0,0,176062,latvia,NA
17713,0,0,11835,lithuania,67.182
17713,0,0,18083.5,luxembourg,70.339
17713,0,0,4595426.25,netherlands,68.084
17713,0,0,229841,norway,68.839
17713,0,0,10016526,poland,70.715
17713,0,0,2560449,portugal,70.387
17713,0,0,1563997,romania,73.436
17713,0,0,282060,slovakia,72.02
17713,0,0,332518,slovenia,68.975
17713,0,0,7186008,spain,75.975
17744,0,0,320733.75,austria,74.374
17744,0,0,1744123,belgium,66.149
17744,0,0,1456078,bulgaria,70.816
17744,0,0,2695190,czech_republic,71.085
17744,0,0,366960,denmark,64.757
17744,0,0,654927,estonia,64.024
17744,0,0,694963,finland,63.4
17744,0,0,2187663,france,68.621
17744,0,0,17255126.5,germany,70.203
17744,0,0,2340716,greece,81.276
17744,0,0,760079,hungary,74.192
17744,0,0,219076,latvia,NA
17744,0,0,47727,lithuania,65.808
17744,0,0,16819.75,luxembourg,66.483
17744,0,0,4622967.75,netherlands,64.983
17744,0,0,228127,norway,59.742
17744,0,0,9558695,poland,69.029
17744,0,0,2295960,portugal,76.38
17744,0,0,1724893,romania,75.783
17744,0,0,238771,slovakia,74.056
17744,0,0,352811,slovenia,70.312
17744,0,0,7276177,spain,79.584
17775,0,0,517121.5,austria,63.011
17775,0,0,1645320,belgium,59.34
17775,0,0,1696391,bulgaria,63.092
17775,0,0,2879443,czech_republic,60.818
17775,0,0,423126,denmark,57.358
17775,0,0,554767,estonia,56.514
17775,0,0,840580,finland,55.321
17775,0,0,1938520,france,61.419
17775,0,0,17661555.5,germany,62.09
17775,0,0,2232005,greece,74.345
17775,0,0,776064,hungary,63.165
17775,0,0,174756,latvia,NA
17775,0,0,30903,lithuania,57.882
17775,0,0,17315.25,luxembourg,59.233
17775,0,0,4561833.75,netherlands,59.016
17775,0,0,226241,norway,54.478
17775,0,0,9313960,poland,60.945
17775,0,0,2413664,portugal,74.083
17775,0,0,1704632,romania,66.768
17775,0,0,295655,slovakia,63.328
17775,0,0,335088,slovenia,61.433
17775,0,0,7545867,spain,73.86
17805,0,0,862273,austria,55.828
17805,0,0,2513282,belgium,54.245
17805,0,0,1948123,bulgaria,54.819
17805,0,0,3285682,czech_republic,51.861
17805,0,0,639270,denmark,50.29
17805,0,0,546309,estonia,45.248
17805,0,0,1035398,finland,43.94
17805,0,0,3244897,france,55.941
17805,0,0,19408665.75,germany,52.333
17805,0,0,2223494,greece,65.355
17805,0,0,868481.75,hungary,55.955
17805,0,0,165481,latvia,NA
17805,0,0,25788,lithuania,46.769
17805,0,0,25779.75,luxembourg,52.373
17805,0,0,5345961.25,netherlands,54.386
17805,0,0,211858,norway,44.583
17805,0,0,9671476,poland,50.958
17805,0,0,1823828,portugal,65.49
17805,0,0,1977256,romania,57.633
17805,0,0,317349,slovakia,56.074
17805,0,0,417977,slovenia,53.259
17805,0,0,7393956,spain,58.588
17836,0,0,1192555,austria,43.429
17836,0,0,2603527,belgium,45.227
17836,0,0,1990556,bulgaria,42.883
17836,0,0,3364429,czech_republic,40.388
17836,0,0,760138,denmark,42.3
17836,0,0,634311,estonia,38.172
17836,0,0,1232825,finland,37.363
17836,0,0,4542144,france,45.772
17836,0,0,19993405,germany,42.03
17836,0,0,2205969,greece,58.563
17836,0,0,983458.75,hungary,45.113
17836,0,0,240428,latvia,NA
17836,0,0,11356,lithuania,34.618
17836,0,0,24751.25,luxembourg,42.782
17836,0,0,4927763.25,netherlands,44.642
17836,0,0,209347,norway,37.592
17836,0,0,9685438,poland,39.769
17836,0,0,1799818,portugal,56.966
17836,0,0,2193246,romania,41.446
17836,0,0,320858,slovakia,43.927
17836,0,0,395237,slovenia,44.466
17836,0,0,7958667,spain,49.593
17866,0,0,1573964.75,austria,36.767
17866,0,0,2045333,belgium,42.615
17866,0,0,2233063,bulgaria,33.63
17866,0,0,3540224,czech_republic,36.979
17866,0,0,1049640,denmark,39.164
17866,0,0,494299,estonia,29.414
17866,0,0,1624066,finland,29.087
17866,0,0,3782466,france,43.722
17866,0,0,17753079.5,germany,40.378
17866,0,0,2849799,greece,48.665
17866,0,0,997400.5,hungary,34.05
17866,0,0,268913,latvia,NA
17866,0,0,14249,lithuania,29.161
17866,0,0,33148.5,luxembourg,38.853
17866,0,0,5262085.25,netherlands,43.551
17866,0,0,235589,norway,28.35
17866,0,0,10368645,poland,34.789
17866,0,0,1686384,portugal,54.46
17866,0,0,2438281,romania,32.138
17866,0,0,349042,slovakia,36.148
17866,0,0,323446,slovenia,34.656
17866,0,0,7305829,spain,45.534
17897,0,0,1572059.75,austria,32.707
17897,0,0,2434183,belgium,37.861
17897,0,0,2239599,bulgaria,29.078
17897,0,0,3783014,czech_republic,31.86
17897,0,0,1153742,denmark,34.575
17897,0,0,779182,estonia,24.024
17897,0,0,1891394,finland,20.923
17897,0,0,5359231,france,38.555
17897,0,0,20715727.5,germany,34.931
17897,0,0,3081769,greece,47.37
17897,0,0,1193246.5,hungary,31.255
17897,0,0,326905,latvia,NA
17897,0,0,38171,lithuania,23.357
17897,0,0,34477.75,luxembourg,33.815
17897,0,0,5838846,netherlands,39.142
17897,0,0,200747,norway,24.465
17897,0,0,10750489,poland,29.456
17897,0,0,1832129,portugal,51.795
17897,0,0,2253279,romania,30.376
17897,0,0,418768,slovakia,32.289
17897,0,0,382863,slovenia,32.013
17897,0,0,7668090,spain,43.975
17928,0,0,1243112.5,austria,40.225
17928,0,0,1800864,belgium,44.616
17928,0,0,1818563,bulgaria,34.551
17928,0,0,3229110,czech_republic,37.763
17928,0,0,827843,denmark,39.62
17928,0,0,427429,estonia,32.084
17928,0,0,1384401,finland,30.771
17928,0,0,4096170,france,44.852
17928,0,0,17830054.75,germany,40.947
17928,0,0,1967491,greece,48.992
17928,0,0,758183.25,hungary,39.252
17928,0,0,152781,latvia,NA
17928,0,0,39561,lithuania,32.823
17928,0,0,29551,luxembourg,41.036
17928,0,0,5177453.25,netherlands,44.283
17928,0,0,197999,norway,31.607
17928,0,0,8712800,poland,38.13
17928,0,0,1275539,portugal,55.089
17928,0,0,1937713,romania,39.341
17928,0,0,331445,slovakia,40.081
17928,0,0,340483,slovenia,39.808
17928,0,0,6204633,spain,48.079
17956,0,0,704511.5,austria,47.375
17956,0,0,1414126,belgium,47.485
17956,0,0,1489073,bulgaria,45.57
17956,0,0,3004498,czech_republic,45.122
17956,0,0,735209,denmark,41.522
17956,0,0,412476,estonia,33.176
17956,0,0,1258298,finland,30.749
17956,0,0,2745531,france,48.36
17956,0,0,13136532.5,germany,44.945
17956,0,0,1646232,greece,55.33
17956,0,0,730737,hungary,47.426
17956,0,0,134815,latvia,NA
17956,0,0,42058,lithuania,37.107
17956,0,0,26059.5,luxembourg,44.617
17956,0,0,4544353.75,netherlands,46.683
17956,0,0,222424,norway,34.609
17956,0,0,8649019,poland,43.208
17956,0,0,965771,portugal,59.322
17956,0,0,1665478,romania,49.176
17956,0,0,362325,slovakia,47.366
17956,0,0,290720,slovenia,45.002
17956,0,0,4522940,spain,52.577
17987,0,0,587769.25,austria,52.921
17987,0,0,1497886,belgium,51.502
17987,0,0,1363979,bulgaria,50.16
17987,0,0,2777373,czech_republic,50.576
17987,0,0,554458,denmark,46.718
17987,0,0,402067,estonia,42.696
17987,0,0,849478,finland,41.899
17987,0,0,1935875,france,51.352
17987,0,0,14708919.25,germany,52.484
17987,0,0,1692831,greece,58.308
17987,0,0,616449,hungary,54.911
17987,0,0,70146,latvia,NA
17987,0,0,40111,lithuania,47.152
17987,0,0,25934.5,luxembourg,49.352
17987,0,0,3773634.5,netherlands,51.934
17987,0,0,223199,norway,45.406
17987,0,0,8513413,poland,51.259
17987,0,0,1287978,portugal,58.381
17987,0,0,1410878,romania,52.372
17987,0,0,302201,slovakia,53.28
17987,0,0,246092,slovenia,49.946
17987,0,0,5235966,spain,52.763
18017,0,0,194929.25,austria,54.711
18017,0,0,1350321,belgium,53.246
18017,0,0,1322941,bulgaria,55.874
18017,0,0,2447901,czech_republic,52.517
18017,0,0,376939,denmark,50.803
18017,0,0,294269,estonia,48.762
18017,0,0,623105,finland,49.338
18017,0,0,1686545,france,54.746
18017,0,0,13768138.75,germany,54.916
18017,0,0,1466654,greece,67.016
18017,0,0,503555.5,hungary,56.915
18017,0,0,118448,latvia,NA
18017,0,0,40538,lithuania,55.051
18017,0,0,23965.75,luxembourg,52.167
18017,0,0,4036230.5,netherlands,53.255
18017,0,0,214977,norway,48.682
18017,0,0,8641237,poland,56.686
18017,0,0,1446113,portugal,67.511
18017,0,0,1188337,romania,62.806
18017,0,0,302421,slovakia,54.657
18017,0,0,261686,slovenia,52.182
18017,0,0,5751651,spain,63.057
18048,0,0,274226.75,austria,73.194
18048,0,0,1603008,belgium,64.605
18048,0,0,888569,bulgaria,65.838
18048,0,0,2192481,czech_republic,70.588
18048,0,0,249039,denmark,63.244
18048,0,0,172897,estonia,61.877
18048,0,0,370835,finland,62.026
18048,0,0,1619250,france,65.85
18048,0,0,12078409.5,germany,72.288
18048,0,0,1975127,greece,78.802
18048,0,0,672818,hungary,73.428
18048,0,0,202023,latvia,NA
18048,0,0,29909,lithuania,68.716
18048,0,0,19299.25,luxembourg,65.644
18048,0,0,3985998.75,netherlands,64.124
18048,0,0,216828,norway,58.236
18048,0,0,8751368,poland,72.355
18048,0,0,1896893,portugal,65.81
18048,0,0,1137639,romania,74.048
18048,0,0,305407,slovakia,73.144
18048,0,0,269148,slovenia,70.048
18048,0,0,6926475,spain,71.796
18078,0,0,587705.25,austria,71.055
18078,0,0,1787764,belgium,66.423
18078,0,0,1314533,bulgaria,66.841
18078,0,0,2301003,czech_republic,68.389
18078,0,0,291928,denmark,63.415
18078,0,0,170398,estonia,61.315
18078,0,0,413599,finland,61.694
18078,0,0,2571721,france,70.093
18078,0,0,14696309,germany,67.744
18078,0,0,2377919,greece,81.171
18078,0,0,897967.5,hungary,71.358
18078,0,0,181439,latvia,NA
18078,0,0,33842,lithuania,62.254
18078,0,0,18732.25,luxembourg,66.547
18078,0,0,5152932.25,netherlands,66.151
18078,0,0,208518,norway,63.098
18078,0,0,8973628,poland,66.387
18078,0,0,2274343,portugal,70.836
18078,0,0,1583863,romania,73.215
18078,0,0,330046,slovakia,71.218
18078,0,0,392037,slovenia,69.704
18078,0,0,8773022,spain,79.982
18109,0,0,661833.25,austria,72.07
18109,0,0,1640408,belgium,66.266
18109,0,0,1308352,bulgaria,69.852
18109,0,0,2589510,czech_republic,68.004
18109,0,0,352023,denmark,64.213
18109,0,0,234415,estonia,61.481
18109,0,0,384969,finland,60.904
18109,0,0,1894561,france,68.068
18109,0,0,13517799.5,germany,69.815
18109,0,0,2153819,greece,82.647
18109,0,0,792855.5,hungary,73.446
18109,0,0,288166,latvia,NA
18109,0,0,32618,lithuania,63.879
18109,0,0,16874,luxembourg,65.82
18109,0,0,5123654,netherlands,65.955
18109,0,0,197451,norway,61.079
18109,0,0,8910661,poland,69.85
18109,0,0,1474086,portugal,72.598
18109,0,0,1478850,romania,76.021
18109,0,0,285970,slovakia,72.56
18109,0,0,257671,slovenia,69.524
18109,0,0,8175500,spain,77.149
18140,0,0,875448.75,austria,61.725
18140,0,0,1759787,belgium,59.351
18140,0,0,1398859,bulgaria,61.779
18140,0,0,2918373,czech_republic,58.244
18140,0,0,365342,denmark,56.532
18140,0,0,285542,estonia,53.88
18140,0,0,746442,finland,51.55
18140,0,0,2558570,france,61.677
18140,0,0,13634528,germany,59.146
18140,0,0,1963162,greece,75.403
18140,0,0,910355.25,hungary,62.358
18140,0,0,318540,latvia,NA
18140,0,0,42789,lithuania,54.367
18140,0,0,17620.75,luxembourg,57.652
18140,0,0,5846004,netherlands,59.207
18140,0,0,200922,norway,52.08
18140,0,0,8488642,poland,58.884
18140,0,0,1457181,portugal,71.659
18140,0,0,1578358,romania,67.227
18140,0,0,311309,slovakia,61.796
18140,0,0,242095,slovenia,59.857
18140,0,0,7187198,spain,69.001
18170,0,0,1251143.25,austria,53.628
18170,0,0,2375990,belgium,53.931
18170,0,0,1749243,bulgaria,55.953
18170,0,0,3151244,czech_republic,51.421
18170,0,0,481974,denmark,49.448
18170,0,0,251593,estonia,44.255
18170,0,0,1094410,finland,40.905
18170,0,0,2933746,france,55.324
18170,0,0,16851111.5,germany,53.072
18170,0,0,1933968,greece,69.71
18170,0,0,1110113,hungary,55.761
18170,0,0,218519,latvia,NA
18170,0,0,45391,lithuania,47.752
18170,0,0,25648.25,luxembourg,51.878
18170,0,0,7121389.25,netherlands,53.02
18170,0,0,213684,norway,41.228
18170,0,0,9389606,poland,53.09
18170,0,0,1706643,portugal,64.873
18170,0,0,1819634,romania,57.183
18170,0,0,397937,slovakia,54.081
18170,0,0,433616,slovenia,54.01
18170,0,0,7644068,spain,60.551
18201,0,0,1214310,austria,45.358
18201,0,0,2217334,belgium,43.944
18201,0,0,1536821,bulgaria,46.367
18201,0,0,3054894,czech_republic,42.435
18201,0,0,660108,denmark,43.092
18201,0,0,303412,estonia,36.738
18201,0,0,1096472,finland,34.888
18201,0,0,4775542,france,45.535
18201,0,0,18626110.25,germany,43.728
18201,0,0,1658247,greece,62.794
18201,0,0,877456.25,hungary,48.048
18201,0,0,163966,latvia,NA
18201,0,0,38967,lithuania,39.754
18201,0,0,28997.75,luxembourg,41.086
18201,0,0,6941715.25,netherlands,44.072
18201,0,0,208241,norway,32.125
18201,0,0,8760448,poland,43.98
18201,0,0,1345158,portugal,58.249
18201,0,0,1736171,romania,50.729
18201,0,0,366147,slovakia,45.994
18201,0,0,311050,slovenia,45.95
18201,0,0,5825257,spain,49.058
18231,0,0,1253587.25,austria,37.563
18231,0,0,1714727,belgium,42.628
18231,0,0,1692644,bulgaria,36.612
18231,0,0,3264286,czech_republic,37.439
18231,0,0,774001,denmark,39.97
18231,0,0,245017,estonia,36.377
18231,0,0,1112703,finland,34.273
18231,0,0,3866688,france,43.315
18231,0,0,14725497.25,germany,39.671
18231,0,0,1838009,greece,52.768
18231,0,0,883130.75,hungary,37.977
18231,0,0,137091,latvia,NA
18231,0,0,42580,lithuania,35.296
18231,0,0,37972.75,luxembourg,39.879
18231,0,0,5993605.25,netherlands,43.169
18231,0,0,229982,norway,31.28
18231,0,0,9219685,poland,38.555
18231,0,0,1097474,portugal,55.869
18231,0,0,1923390,romania,39.93
18231,0,0,375494,slovakia,37.905
18231,0,0,339959,slovenia,38.965
18231,0,0,4937558,spain,47.43
18262,0,0,1692206,austria,33.863
18262,0,0,2092021,belgium,42.874
18262,0,0,1606414,bulgaria,32.821
18262,0,0,3491695,czech_republic,35.074
18262,0,0,705921,denmark,40.997
18262,0,0,177249,estonia,36.981
18262,0,0,1033404,finland,35.089
18262,0,0,4706236,france,42.889
18262,0,0,16125234.25,germany,39.918
18262,0,0,2343975,greece,47.799
18262,0,0,1025778.5,hungary,32.075
18262,0,0,90163,latvia,NA
18262,0,0,41102,lithuania,34.69
18262,0,0,30048.25,luxembourg,39.06
18262,0,0,7023432.25,netherlands,43.741
18262,0,0,222981,norway,36.408
18262,0,0,9227976,poland,37.175
18262,0,0,1440281,portugal,53.657
18262,0,0,2059371,romania,36.005
18262,0,0,441410,slovakia,33.316
18262,0,0,292627,slovenia,36.325
18262,0,0,5586710,spain,44.175
18293,0,0,991510,austria,42.664
18293,0,0,1597134,belgium,44.963
18293,0,0,1555250,bulgaria,36.421
18293,0,0,2949947,czech_republic,41.248
18293,0,0,673879,denmark,40.468
18293,0,0,148734,estonia,34.393
18293,0,0,987831,finland,32.487
18293,0,0,3203448,france,46.61
18293,0,0,9914733,germany,43.101
18293,0,0,1749515,greece,51.158
18293,0,0,991760,hungary,42.721
18293,0,0,94427,latvia,NA
18293,0,0,55228,lithuania,34.602
18293,0,0,28012.5,luxembourg,41.484
18293,0,0,5343237.25,netherlands,44.917
18293,0,0,213363,norway,34.571
18293,0,0,8277041,poland,39.464
18293,0,0,1048603,portugal,57.588
18293,0,0,1600342,romania,42.308
18293,0,0,365095,slovakia,43.078
18293,0,0,290605,slovenia,41.438
18293,0,0,4707125,spain,50.859
18322,0,0,975701.5,austria,44.149
18322,0,0,1715512,belgium,45.123
18322,0,0,1313215,bulgaria,40.163
18322,0,0,2859124,czech_republic,41.205
18322,0,0,682930,denmark,40.196
18322,0,0,184282,estonia,35.46
18322,0,0,948983,finland,34.191
18322,0,0,3275623,france,46.679
18322,0,0,12184897.25,germany,42.614
18322,0,0,1451653,greece,54.643
18322,0,0,845597.75,hungary,44.686
18322,0,0,61316,latvia,NA
18322,0,0,51003,lithuania,37.446
18322,0,0,27857.75,luxembourg,43.242
18322,0,0,5099399.5,netherlands,44.702
18322,0,0,226611,norway,36.473
18322,0,0,8734403,poland,41.635
18322,0,0,943697,portugal,57.667
18322,0,0,1453946,romania,48.262
18322,0,0,352524,slovakia,44.714
18322,0,0,242186,slovenia,43.032
18322,0,0,3643336,spain,51.823
18353,0,0,424371.5,austria,53.087
18353,0,0,1154279,belgium,54.062
18353,0,0,1112764,bulgaria,47.571
18353,0,0,2082339,czech_republic,50.613
18353,0,0,458815,denmark,46.529
18353,0,0,104876,estonia,40.17
18353,0,0,756211,finland,39.807
18353,0,0,639807,france,57.549
18353,0,0,8425607,germany,52.191
18353,0,0,1261765,greece,58.511
18353,0,0,542978.5,hungary,52.676
18353,0,0,53466,latvia,NA
18353,0,0,53490,lithuania,43.039
18353,0,0,18616.5,luxembourg,53.429
18353,0,0,3979086.5,netherlands,52.397
18353,0,0,222270,norway,44.286
18353,0,0,7364375,poland,48.686
18353,0,0,506842,portugal,59.175
18353,0,0,881526,romania,54.18
18353,0,0,279852,slovakia,53.229
18353,0,0,193543,slovenia,52.126
18353,0,0,3439626,spain,56.556
18383,0,0,134697.75,austria,57.015
18383,0,0,1437810,belgium,56.59
18383,0,0,883078,bulgaria,60.008
18383,0,0,1805078,czech_republic,54.004
18383,0,0,431798,denmark,51.912
18383,0,0,111038,estonia,47.865
18383,0,0,525384,finland,47.635
18383,0,0,1233241,france,60.339
18383,0,0,9125965.75,germany,55.248
18383,0,0,1321911,greece,69.855
18383,0,0,517801.5,hungary,58.61
18383,0,0,108126,latvia,NA
18383,0,0,93812,lithuania,49.992
18383,0,0,19803.25,luxembourg,54.491
18383,0,0,5026623.25,netherlands,55.521
18383,0,0,168834,norway,49.766
18383,0,0,7298495,poland,53.9
18383,0,0,781706,portugal,67.439
18383,0,0,789497,romania,62.514
18383,0,0,277817,slovakia,56.586
18383,0,0,175513,slovenia,56.412
18383,0,0,3670120,spain,67.553
18414,0,0,146707.25,austria,65.452
18414,0,0,1950041,belgium,63.34
18414,0,0,855154,bulgaria,65.525
18414,0,0,2096974,czech_republic,63.585
18414,0,0,386818,denmark,63.514
18414,0,0,176717,estonia,62.027
18414,0,0,440548,finland,62.968
18414,0,0,2295473,france,65.012
18414,0,0,11386135.75,germany,67.164
18414,0,0,1499216,greece,75.708
18414,0,0,674030.5,hungary,69.226
18414,0,0,197214,latvia,NA
18414,0,0,175927,lithuania,66.549
18414,0,0,17976.75,luxembourg,61.008
18414,0,0,4747853,netherlands,63.375
18414,0,0,159526,norway,64.026
18414,0,0,7724948,poland,67.416
18414,0,0,1169892,portugal,67.652
18414,0,0,949078,romania,71.388
18414,0,0,316637,slovakia,65.779
18414,0,0,291482,slovenia,64.818
18414,0,0,5329660,spain,72.435
18444,0,0,432787.5,austria,70.012
18444,0,0,2376517,belgium,63.573
18444,0,0,995066,bulgaria,70.405
18444,0,0,1900134,czech_republic,66.733
18444,0,0,372799,denmark,60.659
18444,0,0,158432,estonia,60.935
18444,0,0,245364,finland,60.037
18444,0,0,2404220,france,68.463
18444,0,0,12057447,germany,66.134
18444,0,0,1990325,greece,82.575
18444,0,0,790038.5,hungary,71.356
18444,0,0,40794,latvia,NA
18444,0,0,166818,lithuania,62.786
18444,0,0,16564.75,luxembourg,63.701
18444,0,0,5582743.75,netherlands,62.328
18444,0,0,198096,norway,58.635
18444,0,0,8039476,poland,67.47
18444,0,0,1673734,portugal,75.467
18444,0,0,1444380,romania,76.82
18444,0,0,236378,slovakia,70.123
18444,0,0,362242,slovenia,68.77
18444,0,0,6969719,spain,83.203
18475,0,0,418313,austria,71.957
18475,0,0,2179645,belgium,69.777
18475,0,0,1071920,bulgaria,71.73
18475,0,0,2174108,czech_republic,68.988
18475,0,0,379879,denmark,67.084
18475,0,0,341696,estonia,62.052
18475,0,0,409343,finland,60.403
18475,0,0,2378345,france,71.889
18475,0,0,13881390,germany,72.257
18475,0,0,1987513,greece,82.885
18475,0,0,883545.75,hungary,73.825
18475,0,0,201070,latvia,NA
18475,0,0,209945,lithuania,64.367
18475,0,0,14589.75,luxembourg,69.078
18475,0,0,6187649.25,netherlands,69.217
18475,0,0,199009,norway,63.071
18475,0,0,8574279,poland,69.929
18475,0,0,1838208,portugal,72.748
18475,0,0,1520016,romania,78.143
18475,0,0,315714,slovakia,72.025
18475,0,0,313638,slovenia,70.469
18475,0,0,6610452,spain,78.226
18506,0,0,412664.5,austria,63.009
18506,0,0,1864065,belgium,61.536
18506,0,0,1159502,bulgaria,66.859
18506,0,0,2177602,czech_republic,60.364
18506,0,0,334320,denmark,59.522
18506,0,0,274368,estonia,56.9
18506,0,0,605669,finland,54.748
18506,0,0,2661471,france,65.297
18506,0,0,15190320.5,germany,61.989
18506,0,0,1776449,greece,77.986
18506,0,0,897876,hungary,65.31
18506,0,0,119331,latvia,NA
18506,0,0,176217,lithuania,58.32
18506,0,0,13604.5,luxembourg,61.186
18506,0,0,5571244.5,netherlands,60.384
18506,0,0,110961,norway,54.918
18506,0,0,8635038,poland,61.216
18506,0,0,2157616,portugal,72.174
18506,0,0,1471674,romania,70.623
18506,0,0,371513,slovakia,63.124
18506,0,0,347712,slovenia,61.851
18506,0,0,6269025,spain,69.972
18536,0,0,724811.25,austria,52.791
18536,0,0,1553942,belgium,52.895
18536,0,0,1268419,bulgaria,54.892
18536,0,0,2502054,czech_republic,50.768
18536,0,0,375812,denmark,51.577
18536,0,0,236699,estonia,48.974
18536,0,0,800808,finland,46.647
18536,0,0,2104195,france,54.322
18536,0,0,14528170.75,germany,53.128
18536,0,0,1520743,greece,69.631
18536,0,0,922400.25,hungary,53.596
18536,0,0,96018,latvia,NA
18536,0,0,105161,lithuania,49.801
18536,0,0,26277.25,luxembourg,50.106
18536,0,0,4693023.25,netherlands,52.937
18536,0,0,18897,norway,46.61
18536,0,0,8728972,poland,52.938
18536,0,0,1488706,portugal,63.71
18536,0,0,1148861,romania,59.414
18536,0,0,330410,slovakia,51.965
18536,0,0,437082,slovenia,52.767
18536,0,0,4411524,spain,57.663
18567,0,0,1091401.25,austria,43.394
18567,0,0,1836132,belgium,48.563
18567,0,0,1384959,bulgaria,42.28
18567,0,0,3320614,czech_republic,41.147
18567,0,0,499216,denmark,46.228
18567,0,0,226505,estonia,41.447
18567,0,0,730828,finland,39.379
18567,0,0,3894162,france,49.648
18567,0,0,17904238.25,germany,45.688
18567,0,0,1844818,greece,58.604
18567,0,0,1117152.25,hungary,42.055
18567,0,0,168084,latvia,NA
18567,0,0,109068,lithuania,39.013
18567,0,0,27038.5,luxembourg,43.984
18567,0,0,5590366.5,netherlands,48.93
18567,0,0,65694,norway,41.346
18567,0,0,9211454,poland,43.386
18567,0,0,1844753,portugal,59.849
18567,0,0,1697509,romania,43.966
18567,0,0,383124,slovakia,41.819
18567,0,0,354858,slovenia,41.722
18567,0,0,5185250,spain,53.155
18597,0,0,1342884.25,austria,38.047
18597,0,0,2122708,belgium,42.238
18597,0,0,1503267,bulgaria,41.146
18597,0,0,3247752,czech_republic,37.564
18597,0,0,807401,denmark,40.288
18597,0,0,254783,estonia,32.19
18597,0,0,1070598,finland,33.553
18597,0,0,4371755,france,43.68
18597,0,0,18028221,germany,38.791
18597,0,0,2330890,greece,55.597
18597,0,0,933157.25,hungary,39.114
18597,0,0,187335,latvia,NA
18597,0,0,138022,lithuania,31.06
18597,0,0,28900.25,luxembourg,39.116
18597,0,0,5930849.25,netherlands,42.44
18597,0,0,70988,norway,35.492
18597,0,0,9773312,poland,36.154
18597,0,0,1049172,portugal,54.653
18597,0,0,1871446,romania,39.58
18597,0,0,433004,slovakia,37.29
18597,0,0,387313,slovenia,36.73
18597,0,0,4541650,spain,45.27
18628,0,0,1284443,austria,35.019
18628,0,0,2045928,belgium,38.057
18628,0,0,1424518,bulgaria,36.251
18628,0,0,3505921,czech_republic,32.523
18628,0,0,1081777,denmark,33.72
18628,0,0,329652,estonia,27.11
18628,0,0,1404192,finland,23.91
18628,0,0,5048847,france,39.819
18628,0,0,18732479.75,germany,34.914
18628,0,0,1931241,greece,51.911
18628,0,0,985667.25,hungary,35.595
18628,0,0,252571,latvia,NA
18628,0,0,92103,lithuania,24.536
18628,0,0,27466.75,luxembourg,34.183
18628,0,0,5652379,netherlands,38.781
18628,0,0,62432,norway,22.725
18628,0,0,10414572,poland,30.139
18628,0,0,1230468,portugal,51.173
18628,0,0,1713462.5,romania,36.201
18628,0,0,505649,slovakia,34.259
18628,0,0,370533,slovenia,32.505
18628,0,0,4472064,spain,40.02
18659,0,0,1027114,austria,37.215
18659,0,0,1553866,belgium,41.268
18659,0,0,1252340,bulgaria,39.518
18659,0,0,2948334,czech_republic,31.933
18659,0,0,935329,denmark,33.05
18659,0,0,356280,estonia,22.079
18659,0,0,1416190,finland,17.807
18659,0,0,3585145,france,43.88
18659,0,0,14572397.5,germany,35.175
18659,0,0,1212333,greece,52.776
18659,0,0,790097,hungary,37.454
18659,0,0,205801,latvia,NA
18659,0,0,103473,lithuania,20.672
18659,0,0,24566,luxembourg,39.743
18659,0,0,5110743.5,netherlands,40.3
18659,0,0,59512,norway,25.101
18659,0,0,9337383,poland,28.821
18659,0,0,470261,portugal,56.503
18659,0,0,1526931.25,romania,39.156
18659,0,0,467317,slovakia,36.081
18659,0,0,307517,slovenia,41.074
18659,0,0,2745189,spain,50.829
18687,0,0,1032084.5,austria,42.912
18687,0,0,1952750,belgium,45.202
18687,0,0,1523202,bulgaria,38.865
18687,0,0,3055008,czech_republic,40.15
18687,0,0,885187,denmark,40.046
18687,0,0,162002,estonia,32.417
18687,0,0,1137607,finland,30.243
18687,0,0,3786580,france,46.947
18687,0,0,15882660.25,germany,43.508
18687,0,0,1776262,greece,53.079
18687,0,0,837284.5,hungary,41.899
18687,0,0,161919,latvia,NA
18687,0,0,105377,lithuania,34.064
18687,0,0,25123.75,luxembourg,42.503
18687,0,0,5685514.25,netherlands,44.455
18687,0,0,71472,norway,36.586
18687,0,0,9609878,poland,39.422
18687,0,0,790838,portugal,58.589
18687,0,0,1585260.25,romania,42.709
18687,0,0,532390,slovakia,42.023
18687,0,0,378580,slovenia,42.165
18687,0,0,3757075,spain,52.424
18718,0,0,786793.25,austria,47.714
18718,0,0,1835231,belgium,44.414
18718,0,0,1545254,bulgaria,47.844
18718,0,0,2555235,czech_republic,43.816
18718,0,0,688792,denmark,43.421
18718,0,0,182298,estonia,39.854
18718,0,0,773852,finland,40.139
18718,0,0,2614921,france,48.56
18718,0,0,13632376.5,germany,45.931
18718,0,0,1766188,greece,59.608
18718,0,0,704454.25,hungary,47.757
18718,0,0,33191,latvia,NA
18718,0,0,86900,lithuania,42.709
18718,0,0,24285.5,luxembourg,43.766
18718,0,0,3944211.25,netherlands,44.467
18718,0,0,66310,norway,41.294
18718,0,0,8519991,poland,45.095
18718,0,0,1266661,portugal,61.27
18718,0,0,1340188.5,romania,50.833
18718,0,0,454897,slovakia,47.404
18718,0,0,301723,slovenia,46.033
18718,0,0,4604537,spain,55.749
18748,0,0,294733.75,austria,55.699
18748,0,0,1246937,belgium,52.467
18748,0,0,1299231,bulgaria,60.482
18748,0,0,1823091,czech_republic,51.935
18748,0,0,569496,denmark,52.181
18748,0,0,191263,estonia,49.803
18748,0,0,542284,finland,50.369
18748,0,0,1203040,france,54.818
18748,0,0,10422228.75,germany,54.817
18748,0,0,1433725,greece,72.133
18748,0,0,716479,hungary,57.416
18748,0,0,3978,latvia,NA
18748,0,0,59610,lithuania,51.899
18748,0,0,23020.5,luxembourg,49.651
18748,0,0,3699550,netherlands,52.244
18748,0,0,76711,norway,49.81
18748,0,0,8428290,poland,55.562
18748,0,0,820741,portugal,63.701
18748,0,0,1136993.5,romania,63.8
18748,0,0,251249,slovakia,55.36
18748,0,0,177189,slovenia,54.308
18748,0,0,4005209,spain,64.387
18779,0,0,134780.5,austria,71.045
18779,0,0,1406304,belgium,64.985
18779,0,0,771239,bulgaria,66.545
18779,0,0,2002399,czech_republic,67.262
18779,0,0,528533,denmark,64.342
18779,0,0,269155,estonia,66.041
18779,0,0,317468,finland,65.366
18779,0,0,1436384,france,67.152
18779,0,0,14066405.75,germany,70.275
18779,0,0,1991304,greece,77.338
18779,0,0,732002.5,hungary,73.193
18779,0,0,77125,latvia,NA
18779,0,0,144304,lithuania,67.25
18779,0,0,16870.25,luxembourg,64.682
18779,0,0,4155951,netherlands,64.086
18779,0,0,69687,norway,61.817
18779,0,0,9146944,poland,69.555
18779,0,0,1371818,portugal,67.089
18779,0,0,1277244.5,romania,70.427
18779,0,0,394729,slovakia,71.182
18779,0,0,127856,slovenia,69.678
18779,0,0,5154427,spain,72.55
18809,0,0,124173,austria,72.37
18809,0,0,1141790,belgium,64.865
18809,0,0,1259566,bulgaria,74.11
18809,0,0,2330519,czech_republic,67.66
18809,0,0,544396,denmark,67.536
18809,0,0,288562,estonia,69.733
18809,0,0,274611,finland,68.444
18809,0,0,1430077,france,67.413
18809,0,0,12828191.75,germany,69.793
18809,0,0,2468132,greece,85.794
18809,0,0,761771.75,hungary,77.405
18809,0,0,123993,latvia,NA
18809,0,0,106007,lithuania,72.106
18809,0,0,16727.25,luxembourg,62.923
18809,0,0,4338789.75,netherlands,64.683
18809,0,0,75152,norway,67.242
18809,0,0,9666181,poland,73.079
18809,0,0,1161973,portugal,70.722
18809,0,0,1543514.25,romania,78.82
18809,0,0,332851,slovakia,73.262
18809,0,0,146922,slovenia,71.76
18809,0,0,4818473,spain,77.799
18840,0,0,111604.5,austria,67.166
18840,0,0,1032684,belgium,63.231
18840,0,0,1507270,bulgaria,74.631
18840,0,0,2232366,czech_republic,63.508
18840,0,0,459001,denmark,61.603
18840,0,0,243960,estonia,60.389
18840,0,0,386910,finland,59.945
18840,0,0,908685,france,66.046
18840,0,0,11763104.75,germany,64.754
18840,0,0,2593833,greece,86.366
18840,0,0,764524.5,hungary,70.879
18840,0,0,14452,latvia,NA
18840,0,0,62774,lithuania,61.089
18840,0,0,17314.5,luxembourg,61.731
18840,0,0,3447386,netherlands,63.14
18840,0,0,72565,norway,61.336
18840,0,0,9582263,poland,64.029
18840,0,0,1043741,portugal,71.687
18840,0,0,1489379,romania,78.683
18840,0,0,249445,slovakia,67.974
18840,0,0,340818,slovenia,67.553
18840,0,0,5116133,spain,80.303
18871,0,0,215325.5,austria,63.111
18871,0,0,952981,belgium,62.161
18871,0,0,1840698,bulgaria,62.919
18871,0,0,2367965,czech_republic,61.321
18871,0,0,613859,denmark,59.151
18871,0,0,355322,estonia,51.328
18871,0,0,625559,finland,49.61
18871,0,0,1936539,france,65.146
18871,0,0,16527029,germany,61.992
18871,0,0,2101436,greece,75.976
18871,0,0,749844.5,hungary,64.344
18871,0,0,144366,latvia,NA
18871,0,0,151648,lithuania,51.705
18871,0,0,14320,luxembourg,60.091
18871,0,0,4322569.5,netherlands,62.045
18871,0,0,65749,norway,56.476
18871,0,0,10215568,poland,58.315
18871,0,0,1362973,portugal,70.732
18871,0,0,1415488.75,romania,66.248
18871,0,0,407345,slovakia,62.893
18871,0,0,263499,slovenia,62.074
18871,0,0,5976625,spain,69.193
18901,0,0,849876.25,austria,51.865
18901,0,0,965135,belgium,53.276
18901,0,0,2200668,bulgaria,49.678
18901,0,0,3025542,czech_republic,49.68
18901,0,0,553674,denmark,51.556
18901,0,0,324371,estonia,47.726
18901,0,0,585278,finland,46.346
18901,0,0,2217783,france,54.627
18901,0,0,14935441.25,germany,52.347
18901,0,0,1468769,greece,64.882
18901,0,0,850175,hungary,51.588
18901,0,0,83260,latvia,NA
18901,0,0,52752,lithuania,44.818
18901,0,0,22586,luxembourg,49.847
18901,0,0,4168296.25,netherlands,53.845
18901,0,0,71059,norway,48.993
18901,0,0,9654955,poland,50.802
18901,0,0,1071194,portugal,68.476
18901,0,0,1555751,romania,52.469
18901,0,0,369906,slovakia,51.562
18901,0,0,297709,slovenia,49.78
18901,0,0,5404727,spain,61.619
18932,0,0,1456344.25,austria,42.807
18932,0,0,2103135,belgium,43.993
18932,0,0,2111451,bulgaria,46.392
18932,0,0,3580914,czech_republic,40.575
18932,0,0,812059,denmark,44.461
18932,0,0,421086,estonia,37.491
18932,0,0,825949,finland,35.049
18932,0,0,4951637,france,44.567
18932,0,0,19371237.75,germany,43.675
18932,0,0,1903170,greece,60.677
18932,0,0,1050594,hungary,43.478
18932,0,0,145819,latvia,NA
18932,0,0,32433,lithuania,36.721
18932,0,0,26918,luxembourg,40.487
18932,0,0,5921504.5,netherlands,46.575
18932,0,0,75014,norway,37.046
18932,0,0,10607217,poland,42.34
18932,0,0,1245936,portugal,58.238
18932,0,0,1735562.25,romania,47.897
18932,0,0,476035,slovakia,42.386
18932,0,0,359548,slovenia,43.078
18932,0,0,7320364,spain,48.126
18962,1,0,1407675,austria,37.622
18962,1,0,1780164,belgium,42.473
18962,1,0,2241422,bulgaria,36.918
18962,1,0,3606726,czech_republic,35.617
18962,1,0,1086297,denmark,35.675
18962,1,0,541247,estonia,24.376
18962,1,0,1481747,finland,20.722
18962,1,0,4728565,france,44.371
18962,1,0,18606545.25,germany,36.092
18962,1,0,2101563,greece,53.057
18962,1,0,1070813.25,hungary,35.363
18962,1,0,265027,latvia,NA
18962,1,0,77442,lithuania,24.214
18962,1,0,27926,luxembourg,39.495
18962,1,0,5740253.5,netherlands,41.976
18962,1,0,68349,norway,26.382
18962,1,0,11207602,poland,30.642
18962,1,0,964601,portugal,57.66
18962,1,0,1771856.5,romania,37.291
18962,1,0,459041,slovakia,36.267
18962,1,0,346545,slovenia,34.516
18962,1,0,6399283,spain,48.396
18993,0,1,1415107.5,austria,37.556
18993,0,1,2024050,belgium,40.189
18993,0,1,2436380,bulgaria,32.122
18993,0,1,3471829,czech_republic,36.101
18993,0,1,927170,denmark,38.685
18993,0,1,455127,estonia,28.268
18993,0,1,1092583,finland,26.217
18993,0,1,5367251,france,40.795
18993,0,1,18711366.5,germany,38.535
18993,0,1,1869489,greece,48.068
18993,0,1,1010260.5,hungary,35.054
18993,0,1,165461,latvia,NA
18993,0,1,24008,lithuania,27.903
18993,0,1,27734.75,luxembourg,36.609
18993,0,1,5563516,netherlands,42.185
18993,0,1,73849,norway,31.818
18993,0,1,10372513,poland,33.978
18993,0,1,1238739,portugal,54.766
18993,0,1,1772081.25,romania,37.123
18993,0,1,443360,slovakia,36.507
18993,0,1,364617,slovenia,34.398
18993,0,1,7189131,spain,44.621
19024,0,1,1141285.75,austria,42.8
19024,0,1,1114278,belgium,44.214
19024,0,1,2120592,bulgaria,38.62
19024,0,1,2663240,czech_republic,40.46
19024,0,1,669858,denmark,39.169
19024,0,1,272652,estonia,31.307
19024,0,1,895264,finland,28.168
19024,0,1,3930611,france,45.509
19024,0,1,13297132.25,germany,41.874
19024,0,1,1677928,greece,52.688
19024,0,1,917854.25,hungary,41.496
19024,0,1,35427,latvia,NA
19024,0,1,15919,lithuania,32.173
19024,0,1,21094,luxembourg,40.716
19024,0,1,3253346.5,netherlands,44.338
19024,0,1,67895,norway,33.532
19024,0,1,8534423,poland,38.372
19024,0,1,1032030,portugal,57.387
19024,0,1,1630949.25,romania,43.118
19024,0,1,332839,slovakia,42.172
19024,0,1,325213,slovenia,40.774
19024,0,1,5858863,spain,50.054
19052,0,1,1340252.75,austria,44.475
19052,0,1,1581271,belgium,47.749
19052,0,1,2414895,bulgaria,37.265
19052,0,1,3452828,czech_republic,41.714
19052,0,1,1038051,denmark,39.855
19052,0,1,446460,estonia,33.934
19052,0,1,849429,finland,32.464
19052,0,1,4503389,france,50.181
19052,0,1,19669183,germany,43.895
19052,0,1,2433966,greece,49.587
19052,0,1,896624.5,hungary,42.435
19052,0,1,9273,latvia,NA
19052,0,1,82795,lithuania,35.223
19052,0,1,20036,luxembourg,45.222
19052,0,1,5022057,netherlands,46.499
19052,0,1,74352,norway,38.293
19052,0,1,10739969,poland,39.954
19052,0,1,1134090,portugal,57.225
19052,0,1,1401456,romania,42.912
19052,0,1,254611,slovakia,43.307
19052,0,1,428596,slovenia,41.979
19052,0,1,5581871,spain,50.282
19083,0,1,688154,austria,49.373
19083,0,1,1076950,belgium,50.086
19083,0,1,1725258,bulgaria,50.647
19083,0,1,2213277,czech_republic,45.981
19083,0,1,605020,denmark,44.12
19083,0,1,244000,estonia,38.441
19083,0,1,642566,finland,38.12
19083,0,1,2768970,france,52.666
19083,0,1,13794976.25,germany,48.35
19083,0,1,936079,greece,63.014
19083,0,1,568597.75,hungary,49.916
19083,0,1,7839,latvia,NA
19083,0,1,41837,lithuania,42.631
19083,0,1,17940.5,luxembourg,47.836
19083,0,1,3301660,netherlands,49.467
19083,0,1,61417,norway,44.379
19083,0,1,8734290,poland,45.495
19083,0,1,910644,portugal,59.186
19083,0,1,1081703.75,romania,54.735
19083,0,1,220836,slovakia,48.897
19083,0,1,225025,slovenia,49.349
19083,0,1,4377307,spain,54.203
19113,0,1,542268.25,austria,63.409
19113,0,1,1268072,belgium,59.145
19113,0,1,1748340,bulgaria,61.298
19113,0,1,2247868,czech_republic,60.272
19113,0,1,594166,denmark,53.966
19113,0,1,303995,estonia,48.999
19113,0,1,654071,finland,48.785
19113,0,1,2587380,france,62.183
19113,0,1,12744104.5,germany,59.85
19113,0,1,1280717,greece,71.252
19113,0,1,615363,hungary,64.671
19113,0,1,12926,latvia,NA
19113,0,1,34991,lithuania,52.453
19113,0,1,14165.5,luxembourg,57.97
19113,0,1,3528196.75,netherlands,57.056
19113,0,1,55707,norway,52.469
19113,0,1,8750259,poland,57.39
19113,0,1,1165518,portugal,68.345
19113,0,1,1492779,romania,66.016
19113,0,1,200702,slovakia,63.012
19113,0,1,225433,slovenia,62.817
19113,0,1,4901925.5,spain,68.62
19144,0,1,186222.5,austria,70.985
19144,0,1,1412399,belgium,63.605
19144,0,1,1538181,bulgaria,68.204
19144,0,1,2519263,czech_republic,68.007
19144,0,1,441741,denmark,60.982
19144,0,1,285879,estonia,61.824
19144,0,1,353202,finland,61.532
19144,0,1,2202482,france,67.388
19144,0,1,13262030.75,germany,68.637
19144,0,1,1913317,greece,81.031
19144,0,1,627260.75,hungary,73.136
19144,0,1,974,latvia,NA
19144,0,1,67046,lithuania,65.764
19144,0,1,12695,luxembourg,63.908
19144,0,1,4659971.75,netherlands,62.478
19144,0,1,100000,norway,62.044
19144,0,1,8683936,poland,67.944
19144,0,1,1313130,portugal,69.003
19144,0,1,1543524,romania,74.791
19144,0,1,169509,slovakia,71.123
19144,0,1,247611,slovenia,71.588
19144,0,1,7166438,spain,76.239
19174,0,1,219754.25,austria,72.411
19174,0,1,1727574,belgium,66.345
19174,0,1,1651582,bulgaria,72.762
19174,0,1,2341612,czech_republic,67.76
19174,0,1,414867,denmark,63.835
19174,0,1,238105,estonia,64.515
19174,0,1,259911,finland,63.861
19174,0,1,2699836,france,72.115
19174,0,1,14818882,germany,68.646
19174,0,1,2567355,greece,84.141
19174,0,1,691990.75,hungary,76.149
19174,0,1,1514,latvia,NA
19174,0,1,69597,lithuania,64.758
19174,0,1,11696.5,luxembourg,67.107
19174,0,1,4328142.25,netherlands,65.305
19174,0,1,133988,norway,63.284
19174,0,1,8171400,poland,67.714
19174,0,1,1333840,portugal,76.698
19174,0,1,1497408.25,romania,80.167
19174,0,1,167139,slovakia,72.293
19174,0,1,224464,slovenia,73.305
19174,0,1,8318481,spain,84.881
19205,0,1,222302.5,austria,72.885
19205,0,1,2042158,belgium,70.101
19205,0,1,1671421,bulgaria,72.436
19205,0,1,2682542,czech_republic,69.396
19205,0,1,441824,denmark,66.321
19205,0,1,239560,estonia,67.317
19205,0,1,337895,finland,65.606
19205,0,1,2626033,france,73.281
19205,0,1,15259505.25,germany,72.033
19205,0,1,2619294,greece,83.414
19205,0,1,749188.25,hungary,76.888
19205,0,1,91562,latvia,NA
19205,0,1,106527,lithuania,69.718
19205,0,1,11494.75,luxembourg,69.649
19205,0,1,4723653.25,netherlands,68.852
19205,0,1,156844,norway,63.368
19205,0,1,9301091,poland,72.635
19205,0,1,1361689,portugal,72.578
19205,0,1,1490453.5,romania,80.637
19205,0,1,158810,slovakia,72.843
19205,0,1,256008,slovenia,72.193
19205,0,1,8107731,spain,81.696
19236,0,1,672474.75,austria,60.432
19236,0,1,1713076,belgium,59.726
19236,0,1,1570771,bulgaria,61.846
19236,0,1,2459993,czech_republic,57.272
19236,0,1,468814,denmark,56.992
19236,0,1,317777,estonia,50.295
19236,0,1,363733,finland,49.899
19236,0,1,2695665,france,62.608
19236,0,1,14563340,germany,58.493
19236,0,1,1380712,greece,76.826
19236,0,1,665636.75,hungary,61.593
19236,0,1,70953,latvia,NA
19236,0,1,30985,lithuania,52.184
19236,0,1,8824.5,luxembourg,57.318
19236,0,1,4358011.75,netherlands,60.123
19236,0,1,136522,norway,53.892
19236,0,1,8443838,poland,55.702
19236,0,1,1161599,portugal,71.172
19236,0,1,1367467.25,romania,67.113
19236,0,1,180342,slovakia,60.318
19236,0,1,156368,slovenia,60.111
19236,0,1,7085489,spain,70.378
19266,0,1,729548.75,austria,57.819
19266,0,1,1885840,belgium,57.858
19266,0,1,1626749,bulgaria,53.79
19266,0,1,2481689,czech_republic,54.796
19266,0,1,476299,denmark,53.78
19266,0,1,345779,estonia,47.734
19266,0,1,534576,finland,45.967
19266,0,1,3228460,france,60.94
19266,0,1,13134082.25,germany,56.869
19266,0,1,1016063,greece,68.752
19266,0,1,828074.75,hungary,56.4
19266,0,1,8081,latvia,NA
19266,0,1,45513,lithuania,48.675
19266,0,1,12207.75,luxembourg,55.563
19266,0,1,4231588.5,netherlands,56.514
19266,0,1,146000,norway,46.741
19266,0,1,8937004,poland,53.642
19266,0,1,1228257,portugal,69.178
19266,0,1,1404238,romania,60.012
19266,0,1,234315,slovakia,55.74
19266,0,1,141588,slovenia,58.038
19266,0,1,7014355,spain,65.764
19297,0,1,1082038.75,austria,45.407
19297,0,1,1266629,belgium,48.546
19297,0,1,2025266,bulgaria,47.791
19297,0,1,3009455,czech_republic,41.93
19297,0,1,616441,denmark,45.78
19297,0,1,425972,estonia,36.253
19297,0,1,900847,finland,36.466
19297,0,1,3998829,france,49.832
19297,0,1,15759746.75,germany,43.819
19297,0,1,1401209,greece,62.437
19297,0,1,841134.25,hungary,45.298
19297,0,1,221014,latvia,NA
19297,0,1,81328,lithuania,36.048
19297,0,1,16766.25,luxembourg,45.745
19297,0,1,3759489.25,netherlands,47.993
19297,0,1,132329,norway,40.454
19297,0,1,10157100,poland,40.395
19297,0,1,1226953,portugal,60.801
19297,0,1,1719779.25,romania,50.16
19297,0,1,278851,slovakia,44.721
19297,0,1,68102,slovenia,45.588
19297,0,1,5200415,spain,53.143
19327,0,1,1117609.25,austria,37.067
19327,0,1,1911953,belgium,39.701
19327,0,1,2067467,bulgaria,40.252
19327,0,1,3514798,czech_republic,35.21
19327,0,1,876783,denmark,34.852
19327,0,1,439715,estonia,26.502
19327,0,1,1191916,finland,27.153
19327,0,1,4661480,france,41.568
19327,0,1,17342130.75,germany,35.688
19327,0,1,1757942,greece,57.838
19327,0,1,838960.5,hungary,37.228
19327,0,1,315388,latvia,NA
19327,0,1,131679,lithuania,26.28
19327,0,1,18322,luxembourg,37.466
19327,0,1,5209115,netherlands,39.858
19327,0,1,141318,norway,24.263
19327,0,1,10042419,poland,33.19
19327,0,1,782327,portugal,59.23
19327,0,1,1590718.5,romania,39.754
19327,0,1,316025,slovakia,36.299
19327,0,1,190876,slovenia,38.696
19327,0,1,4759312,spain,49.009
19358,0,1,944678.25,austria,45.555
19358,0,1,1639256,belgium,55.365
19358,0,1,1996789,bulgaria,40.19
19358,0,1,2990831,czech_republic,54.995
19358,0,1,737129,denmark,48.585
19358,0,1,307722,estonia,35.26
19358,0,1,798260,finland,32.325
19358,0,1,3949996,france,55.74
19358,0,1,15861826,germany,56.35
19358,0,1,1200825,greece,55.605
19358,0,1,765379.75,hungary,44.59
19358,0,1,138624,latvia,NA
19358,0,1,51415,lithuania,49.98
19358,0,1,14082.5,luxembourg,52.815
19358,0,1,3857124.25,netherlands,54.39
19358,0,1,142208,norway,23.91
19358,0,1,9434016,poland,57.39
19358,0,1,528621,portugal,59.73
19358,0,1,1700739.25,romania,49.265
19358,0,1,285688,slovakia,45.125
19358,0,1,223524,slovenia,50.29
19358,0,1,3276152,spain,52.77
19389,0,1,968719.25,austria,NA
19389,0,1,1831740,belgium,NA
19389,0,1,1731702,bulgaria,NA
19389,0,1,2781407,czech_republic,NA
19389,0,1,666772,denmark,NA
19389,0,1,267372,estonia,NA
19389,0,1,754472,finland,NA
19389,0,1,4530246,france,NA
19389,0,1,17562375.5,germany,NA
19389,0,1,1354802,greece,NA
19389,0,1,803912.25,hungary,NA
19389,0,1,206701,latvia,NA
19389,0,1,43023,lithuania,NA
19389,0,1,12846,luxembourg,NA
19389,0,1,4401849,netherlands,NA
19389,0,1,125013,norway,NA
19389,0,1,8414111,poland,NA
19389,0,1,1079760,portugal,NA
19389,0,1,1532089.25,romania,NA
19389,0,1,320853,slovakia,NA
19389,0,1,250204,slovenia,NA
19389,0,1,4984651,spain,NA
19417,0,1,740729.5,austria,NA
19417,0,1,1600564,belgium,NA
19417,0,1,1285486,bulgaria,NA
19417,0,1,2319928,czech_republic,NA
19417,0,1,631453,denmark,NA
19417,0,1,239302,estonia,NA
19417,0,1,764629,finland,NA
19417,0,1,3226263,france,NA
19417,0,1,14399505.75,germany,NA
19417,0,1,1249704,greece,NA
19417,0,1,712640,hungary,NA
19417,0,1,150129,latvia,NA
19417,0,1,58899,lithuania,NA
19417,0,1,14156.25,luxembourg,NA
19417,0,1,3751420,netherlands,NA
19417,0,1,132876,norway,NA
19417,0,1,8346363,poland,NA
19417,0,1,570566,portugal,NA
19417,0,1,1170756.75,romania,NA
19417,0,1,266435,slovakia,NA
19417,0,1,242170,slovenia,NA
19417,0,1,4042943,spain,NA
19448,0,1,596190.5,austria,NA
19448,0,1,1173540,belgium,NA
19448,0,1,981602,bulgaria,NA
19448,0,1,2213278,czech_republic,NA
19448,0,1,453449,denmark,NA
19448,0,1,132451,estonia,NA
19448,0,1,430476,finland,NA
19448,0,1,1606503,france,NA
19448,0,1,11905520.75,germany,NA
19448,0,1,1252003,greece,NA
19448,0,1,599871.5,hungary,NA
19448,0,1,12624,latvia,NA
19448,0,1,58726,lithuania,NA
19448,0,1,11244.75,luxembourg,NA
19448,0,1,3082971.75,netherlands,NA
19448,0,1,148614,norway,NA
19448,0,1,7525690,poland,NA
19448,0,1,451460,portugal,NA
19448,0,1,1014951.75,romania,NA
19448,0,1,212010,slovakia,NA
19448,0,1,201451,slovenia,NA
19448,0,1,3537352,spain,NA
19478,0,1,275213.25,austria,NA
19478,0,1,1051215,belgium,NA
19478,0,1,809840,bulgaria,NA
19478,0,1,1410958,czech_republic,NA
19478,0,1,294329,denmark,NA
19478,0,1,156704,estonia,NA
19478,0,1,249322.25,finland,NA
19478,0,1,1113480,france,NA
19478,0,1,9679723,germany,NA
19478,0,1,1005279,greece,NA
19478,0,1,545255.75,hungary,NA
19478,0,1,29,latvia,NA
19478,0,1,48070,lithuania,NA
19478,0,1,12017,luxembourg,NA
19478,0,1,2853964.5,netherlands,NA
19478,0,1,64617,norway,NA
19478,0,1,7113351,poland,NA
19478,0,1,605753,portugal,NA
19478,0,1,903538,romania,NA
19478,0,1,202865,slovakia,NA
19478,0,1,112939,slovenia,NA
19478,0,1,4088229,spain,NA
19509,0,1,89350.25,austria,NA
19509,0,1,1321934,belgium,NA
19509,0,1,511536,bulgaria,NA
19509,0,1,1349780,czech_republic,NA
19509,0,1,268569,denmark,NA
19509,0,1,163194,estonia,NA
19509,0,1,172444,finland,NA
19509,0,1,1518687,france,NA
19509,0,1,9862411.75,germany,NA
19509,0,1,1371766,greece,NA
19509,0,1,503830.75,hungary,NA
19509,0,1,56502,latvia,NA
19509,0,1,80538,lithuania,NA
19509,0,1,9583,luxembourg,NA
19509,0,1,2827163.25,netherlands,NA
19509,0,1,43029,norway,NA
19509,0,1,6527262,poland,NA
19509,0,1,889890,portugal,NA
19509,0,1,715954.75,romania,NA
19509,0,1,228445,slovakia,NA
19509,0,1,257546,slovenia,NA
19509,0,1,5072567,spain,NA
19539,0,1,30933.25,austria,NA
19539,0,1,205814,belgium,NA
19539,0,1,140372,bulgaria,NA
19539,0,1,284996,czech_republic,NA
19539,0,1,74792,denmark,NA
19539,0,1,25898,estonia,NA
19539,0,1,33201.25,finland,NA
19539,0,1,273153,france,NA
19539,0,1,1856311.25,germany,NA
19539,0,1,362382,greece,NA
19539,0,1,130583.5,hungary,NA
19539,0,1,10734,lithuania,NA
19539,0,1,2307.25,luxembourg,NA
19539,0,1,335116.75,netherlands,NA
19539,0,1,12121,norway,NA
19539,0,1,1505716,poland,NA
19539,0,1,242518,portugal,NA
19539,0,1,177360.25,romania,NA
19539,0,1,40173,slovakia,NA
19539,0,1,43534,slovenia,NA
19539,0,1,1092838,spain,NA
